Workbook

Sheet June
A1: Date | B1: Milking | C1: Shobha | D1: Devaki | E1: Sita | F1: Lakshmi | H1: Total (Litres) | I1: Daily Milk collection
A2: 45809 | B2: Morning | C2: 3 | H2: =SUM(C2:F2) -> 3 | I2: =H2+I4 -> 6.5
B3: Evening | C3: 2 | H3: =SUM(C3:F3) -> 2
A4: 45810 | B4: Morning | C4: 2 | H4: =SUM(C4:F4) -> 2 | I4: =H4+H5 -> 3.5
B5: Evening | C5: 1.5 | H5: =SUM(C5:F5) -> 1.5
A6: 45811 | B6: Morning | C6: 2 | H6: =SUM(C6:F6) -> 2 | I6: =H6+H7 -> 3.5
B7: Evening | C7: 1.5 | H7: =SUM(C7:F7) -> 1.5
A8: 45812 | B8: Morning | C8: 2.8 | H8: =SUM(C8:F8) -> 2.8 | I8: =H8+H9 -> 4.1
B9: Evening | C9: 1.3 | H9: =SUM(C9:F9) -> 1.3
A10: 45813 | B10: Morning | C10: 2.8 | H10: =SUM(C10:F10) -> 2.8 | I10: =H10+H11 -> 4.4
B11: Evening | C11: 1.6 | H11: =SUM(C11:F11) -> 1.6
A12: 45814 | B12: Morning | C12: 2.5 | H12: =SUM(C12:F12) -> 2.5 | I12: =H12+H13 -> 4
B13: Evening | C13: 1.5 | H13: =SUM(C13:F13) -> 1.5
A14: 45815 | B14: Morning | C14: 3 | H14: =SUM(C14:F14) -> 3 | I14: =H14+H15 -> 4.5
B15: Evening | C15: 1.5 | H15: =SUM(C15:F15) -> 1.5
A16: 45816 | B16: Morning | C16: 3.5 | H16: =SUM(C16:F16) -> 3.5 | I16: =H16+H17 -> 4.9
B17: Evening | C17: 1.4 | H17: =SUM(C17:F17) -> 1.4
A18: 45817 | B18: Morning | C18: 3.5 | H18: =SUM(C18:F18) -> 3.5 | I18: =H18+H19 -> 5
B19: Evening | C19: 1.5 | H19: =SUM(C19:F19) -> 1.5
A20: 45818 | B20: Morning | C20: 3 | H20: =SUM(C20:F20) -> 3 | I20: =H20+H21 -> 4.5
B21: Evening | C21: 1.5 | H21: =SUM(C21:F21) -> 1.5
A22: 45819 | B22: Morning | C22: 2.5 | D22: 4.5 | E22: 4 | H22: =SUM(C22:F22) -> 11 | I22: =H22+H23 -> 20.8
B23: Evening | C23: 1.3 | D23: 4.5 | E23: 4 | H23: =SUM(C23:F23) -> 9.8
A24: 45820 | B24: Morning | C24: 2.5 | D24: 4.5 | E24: 4 | H24: =SUM(C24:F24) -> 11 | I24: =H24+H25 -> 21
B25: Evening | C25: 1.5 | D25: 4.5 | E25: 4 | H25: =SUM(C25:F25) -> 10
A26: 45821 | B26: Morning | C26: 2.5 | D26: 4.5 | E26: 4 | H26: =SUM(C26:F26) -> 11 | I26: =H26+H27 -> 21
B27: Evening | C27: 1.5 | D27: 4.5 | E27: 4 | H27: =SUM(C27:F27) -> 10
A28: 45822 | B28: Morning | C28: 3 | D28: 4.5 | E28: 3 | H28: =SUM(C28:F28) -> 10.5 | I28: =H28+H29 -> 19.5
B29: Evening | C29: 1.5 | D29: 4.5 | E29: 3 | H29: =SUM(C29:F29) -> 9
A30: 45823 | B30: Morning | C30: 2.5 | D30: 4.5 | E30: 3 | H30: =SUM(C30:F30) -> 10 | I30: =H30+H31 -> 19
B31: Evening | C31: 1.5 | D31: 4.5 | E31: 3 | H31: =SUM(C31:F31) -> 9
A32: 45824 | B32: Morning | C32: 3 | D32: 4.5 | E32: 3 | H32: =SUM(C32:F32) -> 10.5 | I32: =H32+H33 -> 19.3
B33: Evening | C33: 2 | D33: 4.4 | E33: 2.4 | H33: =SUM(C33:F33) -> 8.8
A34: 45825 | B34: Morning | C34: 3.3 | D34: 4.5 | E34: 3.1 | H34: =SUM(C34:F34) -> 10.9 | I34: =H34+H35 -> 19.7
B35: Evening | C35: 2.7 | D35: 4.5 | E35: 1.6 | H35: =SUM(C35:F35) -> 8.8
A36: 45826 | B36: Morning | C36: 3.5 | D36: 5.2 | E36: 2.5 | H36: =SUM(C36:F36) -> 11.2 | I36: =H36+H37 -> 19.7
B37: Evening | C37: 2 | D37: 4.5 | E37: 2 | H37: =SUM(C37:F37) -> 8.5
A38: 45827 | B38: Morning | C38: 3.5 | D38: 4.4 | E38: 3 | H38: =SUM(C38:F38) -> 10.9 | I38: =H38+H39 -> 18.9
B39: Evening | C39: 2 | D39: 4 | E39: 2 | H39: =SUM(C39:F39) -> 8
A40: 45828 | B40: Morning | C40: 3 | D40: 4.5 | E40: 1.9 | H40: =SUM(C40:F40) -> 9.4 | I40: =H40+H41 -> 16.9
B41: Evening | C41: 2 | D41: 3.5 | E41: 2 | H41: =SUM(C41:F41) -> 7.5
A42: 45829 | B42: Morning | C42: 3.5 | D42: 3.5 | E42: 1.5 | H42: =SUM(C42:F42) -> 8.5 | I42: =H42+H43 -> 14.5
B43: Evening | C43: 2.3 | D43: 2.2 | E43: 1.5 | H43: =SUM(C43:F43) -> 6
A44: 45830 | B44: Morning | C44: 2 | D44: 3.5 | E44: 2 | H44: =SUM(C44:F44) -> 7.5 | I44: =H44+H45 -> 14.9
B45: Evening | C45: 2 | D45: 3.4 | E45: 2 | H45: =SUM(C45:F45) -> 7.4
A46: 45831 | B46: Morning | C46: 3.5 | D46: 1.7 | E46: 1.5 | H46: =SUM(C46:F46) -> 6.7 | I46: =H46+H47 -> 11.4
B47: Evening | C47: 2.2 | D47: 1 | E47: 1.5 | H47: =SUM(C47:F47) -> 4.7
A48: 45832 | B48: Morning | C48: 3 | D48: 3.5 | E48: 2.5 | H48: =SUM(C48:F48) -> 9 | I48: =H48+H49 -> 12.5
B49: Evening | C49: 2 | D49: 1.5 | E49: 0 | H49: =SUM(C49:F49) -> 3.5
A50: 45833 | B50: Morning | C50: 3.5 | D50: 2.3 | E50: 2 | H50: =SUM(C50:F50) -> 7.8 | I50: =H50+H51 -> 9.8
B51: Evening | C51: 2 | D51: 0 | E51: 0 | H51: =SUM(C51:F51) -> 2
A52: 45834 | B52: Morning | C52: 3 | D52: 2.2 | E52: 1.2 | H52: =SUM(C52:F52) -> 6.4 | I52: =H52+H53 -> 8.4
B53: Evening | C53: 0.5 | D53: 1.5 | E53: 0 | H53: =SUM(C53:F53) -> 2
A54: 45835 | B54: Morning | C54: 3.5 | D54: 1 | E54: 1 | H54: =SUM(C54:F54) -> 5.5 | I54: =H54+H55 -> 5.5
B55: Evening | H55: =SUM(C55:F55) -> 0
A56: 45836 | B56: Morning | C56: 3.8 | D56: 0 | E56: 1 | H56: =SUM(C56:F56) -> 4.8 | I56: =H56+H57 -> 7.3
B57: Evening | C57: 2.5 | D57: 0 | E57: 0 | H57: =SUM(C57:F57) -> 2.5
A58: 45837 | B58: Morning | C58: 3 | D58: 0 | E58: 0 | H58: =SUM(C58:F58) -> 3 | I58: =H58+H59 -> 5.8
B59: Evening | C59: 2.8 | D59: 0 | E59: 0 | H59: =SUM(C59:F59) -> 2.8
A60: 45838 | B60: Morning | C60: 3.4 | D60: 0 | E60: 1.5 | H60: =SUM(C60:F60) -> 4.9 | I60: =H60+H61 -> 7.4
B61: Evening | C61: 2.5 | D61: 0 | E61: 0 | H61: =SUM(C61:F61) -> 2.5

Sheet June 2026
A1: Datemm- | B1: Milking | C1: Shobha | D1: Devaki | E1: Sita | F1: Lakshmi | G1: Mruga | H1: Radha | I1: Shravani | J1: Uma | K1: Parvati | L1: Durga | M1: Ganga | N1: Yamuna | O1: Kapila | P1: Sindhu | Q1: Total (Litres) | R1: Daily total (Litres) | T1: Transfer to milk sale | U1: Transfer to ghee | V1: Balance milk | W1: stored milk | X1: satyajits home | Y1: Amit bhave | Z1: bal | AA1: actual sale | AB1: return from sale | AC1: diff | AD1: bal
A2: 46174 | B2: Morning | F2: 2.64 | G2: 3.26 | H2: 0 | I2: 1.18 | J2: 2.64 | K2: 2.72 | L2: 4.16 | M2: 2.8 | N2: 3.8 | Q2: =sum(C2:P2) -> 23.2 | R2: =Q2+Q3 -> 45.76
B3: Evening | F3: 2.75 | G3: 2.81 | H3: 0 | I3: 1.27 | J3: 2.74 | K3: 2.99 | L3: 4 | M3: 2.6 | N3: 3.4 | Q3: =SUM(C3:N3) -> 22.56
A4: 46175 | B4: Morning | F4: 2.61 | G4: 2.47 | H4: 0 | I4: 0.94 | J4: 2.3 | K4: 2.86 | L4: 3.1 | M4: 2.61 | N4: 3.52 | Q4: =sum(C4:P4) -> 20.41 | R4: =Q4+Q5 -> 45.19
B5: Evening | F5: 2.43 | G5: 2.45 | H5: 0 | I5: 1 | J5: 3.03 | K5: 2.91 | L5: 4.94 | M5: 3.85 | N5: 4.17 | Q5: =sum(C5:P5) -> 24.78
A6: 46176 | B6: Morning | F6: 2.64 | G6: 3 | H6: 0 | I6: 1.3 | J6: 3.04 | K6: 3.51 | L6: 3.95 | M6: 2.37 | N6: 4.02 | Q6: =sum(C6:P6) -> 23.83 | R6: =Q6+Q7 -> 50.34
B7: Evening | F7: 2.88 | G7: 3.92 | H7: 0 | I7: 1.4 | J7: 2.59 | K7: 3.58 | L7: 4.37 | M7: 3.21 | N7: 4.56 | Q7: =sum(C7:P7) -> 26.51
A8: 46177 | B8: Morning | F8: 3.31 | G8: 3.62 | H8: 0 | I8: 0.93 | J8: 3.98 | K8: 2.7 | L8: 2.65 | M8: 3.63 | N8: 3.01 | Q8: =sum(C8:P8) -> 23.83 | R8: =Q8+Q9 -> 47.77
B9: Evening | F9: 3.02 | G9: 3.69 | H9: 0 | I9: 0.5 | J9: 2.74 | K9: 2.92 | L9: 4.01 | M9: 3.03 | N9: 4.03 | Q9: =sum(C9:P9) -> 23.94
A10: 46178 | B10: Morning | F10: 2.93 | G10: 3.95 | H10: 0 | I10: 0.5 | J10: 2.76 | K10: 3.4 | L10: 4.32 | M10: 2.71 | N10: 3.9 | Q10: =sum(C10:P10) -> 24.47 | R10: =Q10+Q11 -> 52.47
B11: Evening | F11: 2.89 | G11: 3.33 | H11: 0 | I11: 0.5 | J11: 2.19 | K11: 3.24 | L11: 6.35 | M11: 2.56 | N11: 4.54 | P11: 2.4 | Q11: =sum(C11:P11) -> 28
A12: 46179 | B12: Morning | F12: 3.15 | G12: 3.81 | H12: 0 | I12: 0 | J12: 2.72 | K12: 2.83 | L12: 4.17 | M12: 3 | N12: 4.29 | O12: 0 | P12: 0 | Q12: =sum(C12:P12) -> 23.97 | R12: =Q12+Q13 -> 47.83
B13: Evening | F13: 2.79 | G13: 2.94 | H13: 0 | I13: 0.5 | J13: 2.4 | K13: 2.89 | L13: 3.87 | M13: 3.21 | N13: 2.3 | O13: 1.4 | P13: 1.56 | Q13: =sum(C13:P13) -> 23.86
A14: 46180 | B14: Morning | F14: 2.58 | G14: 3.27 | H14: 0 | I14: 0.5 | J14: 2.32 | K14: 2.74 | L14: 3.4 | M14: 3.32 | N14: 4.35 | O14: 1 | P14: 4.5 | Q14: =sum(C14:P14) -> 27.98 | R14: =Q14+Q15 -> 53.14
B15: Evening | F15: 2.35 | G15: 3.18 | H15: 0 | I15: 1.36 | J15: 2.57 | K15: 2.39 | L15: 3.07 | M15: 2.73 | N15: 4.17 | O15: 0.5 | P15: 2.84 | Q15: =sum(C15:P15) -> 25.16
A16: 46181 | B16: Morning | F16: 3.43 | G16: 4.17 | H16: 0 | I16: 0.5 | J16: 3.277 | K16: 2.41 | L16: 4.05 | M16: 3 | N16: 4.37 | O16: 1 | P16: 4.39 | Q16: =sum(C16:P16) -> 30.597 | R16: =Q16+Q17 -> 54.647
B17: Evening | F17: 1.79 | G17: 2.92 | H17: 0 | I17: 0 | J17: 2.31 | K17: 3.05 | L17: 3.76 | M17: 2.79 | N17: 3.72 | O17: 0.5 | P17: 3.21 | Q17: =sum(C17:P17) -> 24.05
A18: 46182 | B18: Morning | F18: 3.4 | G18: 3.71 | H18: 0 | I18: 0 | J18: 2.38 | K18: 4 | L18: 4.23 | M18: 2.3 | N18: 4.81 | O18: 0 | P18: 4 | Q18: =sum(C18:P18) -> 28.83 | R18: =Q18+Q19 -> 57.4
B19: Evening | F19: 2.4 | G19: 3.74 | H19: 0 | I19: 1.5 | J19: 2.3 | K19: 2.14 | L19: 4.2 | M19: 3 | N19: 4.45 | O19: 1.14 | P19: 3.7 | Q19: =sum(C19:P19) -> 28.57
A20: 46183 | B20: Morning | F20: 2.7 | G20: 3.65 | H20: 0 | I20: 0 | J20: 2.73 | K20: 2.28 | L20: 4.11 | M20: 2.96 | N20: 4.3 | O20: 0 | P20: 3.6 | Q20: =sum(C20:P20) -> 26.33 | R20: =Q20+Q21 -> 48.44
B21: Evening | F21: 2.12 | G21: 3.04 | H21: 0 | I21: 0 | J21: 2.21 | K21: 2.3 | L21: 3.62 | M21: 2.34 | N21: 3.22 | O21: 0 | P21: 3.26 | Q21: =sum(C21:P21) -> 22.11
A22: 46184 | B22: Morning | F22: 2.71 | G22: 4.11 | H22: 0 | I22: 0 | J22: 2.1 | K22: 2.29 | L22: 4.48 | M22: 2.85 | N22: 3.65 | O22: 0 | P22: 0 | Q22: =sum(C22:P22) -> 22.19 | R22: =Q22+Q23 -> 43.57
B23: Evening | F23: 2.4 | G23: 3.26 | H23: 0 | I23: 0 | J23: 1.92 | K23: 2.4 | L23: 3.4 | M23: 2.54 | N23: 3.31 | O23: 0 | P23: 2.15 | Q23: =sum(C23:P23) -> 21.38
A24: 46185 | B24: Morning | F24: 2.82 | G24: 3.6 | H24: 0 | I24: 0.98 | J24: 2.45 | K24: 2.75 | L24: 4.07 | M24: 2.95 | N24: 3.76 | O24: 1.2 | P24: 3.84 | Q24: =sum(C24:P24) -> 28.42 | R24: =Q24+Q25 -> 51.51
B25: Evening | F25: 2.36 | G25: 2.96 | H25: 0 | I25: 0.9 | J25: 2.09 | K25: 1.63 | L25: 3.4 | M25: 2.5 | N25: 3.16 | O25: 1.1 | P25: 2.99 | Q25: =sum(C25:P25) -> 23.09
A26: 46186 | B26: Morning | F26: 3.4 | G26: 3.75 | H26: 0 | I26: 0 | J26: 2.61 | K26: 2.84 | L26: 3.71 | M26: 3.2 | N26: 4.59 | O26: 2.1 | P26: 3.95 | Q26: =sum(C26:P26) -> 30.15 | R26: =Q26+Q27 -> 57.98
B27: Evening | F27: 3.56 | G27: 3.32 | H27: 0 | I27: 0.94 | J27: 2.61 | K27: 2.56 | L27: 3.9 | M27: 2.6 | N27: 3.76 | O27: 1.79 | P27: 2.79 | Q27: =sum(C27:P27) -> 27.83
A28: 46187 | B28: Morning | F28: 3.59 | G28: 3.93 | H28: 0 | I28: 0.8 | J28: 2.76 | K28: 2.67 | L28: 4.27 | M28: 3.29 | N28: 4.6 | O28: 1.84 | P28: 4.2 | Q28: =sum(C28:P28) -> 31.95 | R28: =Q28+Q29 -> 54.94
B29: Evening | F29: 2.56 | G29: 2.7 | H29: 0 | I29: 0.83 | J29: 2.03 | K29: 2.76 | L29: 3.2 | M29: 2.21 | N29: 3.53 | O29: 0 | P29: 3.17 | Q29: =sum(C29:P29) -> 22.99
A30: 46188 | B30: Morning | F30: 3.55 | G30: 3.33 | H30: 0 | I30: 1.7 | J30: 2.58 | K30: 2.9 | L30: 4.16 | M30: 3 | N30: 4 | O30: 1 | P30: 3.95 | Q30: =sum(C30:P30) -> 30.17 | R30: =Q30+Q31 -> 52.08
B31: Evening | F31: 2.88 | G31: 2.93 | H31: 0 | I31: 0 | J31: 1.99 | K31: 2.19 | L31: 3.28 | M31: 2.35 | N31: 2.59 | O31: 0.5 | P31: 3.2 | Q31: =sum(C31:P31) -> 21.91
A32: 46189 | B32: Morning | Q32: =sum(C32:P32) -> 0 | R32: =Q32+Q33 -> 0
B33: Evening | Q33: =sum(C33:P33) -> 0
A34: 46190 | B34: Morning | Q34: =sum(C34:P34) -> 0 | R34: =Q34+Q35 -> 0
B35: Evening | Q35: =sum(C35:P35) -> 0
A36: 46191 | B36: Morning | Q36: =sum(C36:P36) -> 0 | R36: =Q36+Q37 -> 0
B37: Evening | Q37: =sum(C37:P37) -> 0
A38: 46192 | B38: Morning | Q38: =sum(C38:P38) -> 0 | R38: =Q38+Q39 -> 0
B39: Evening | Q39: =sum(C39:P39) -> 0
A40: 46193 | B40: Morning | Q40: =sum(C40:P40) -> 0 | R40: =Q40+Q41 -> 0
B41: Evening | Q41: =sum(C41:P41) -> 0
A42: 46194 | B42: Morning | Q42: =sum(C42:P42) -> 0 | R42: =Q42+Q43 -> 0
B43: Evening | Q43: =sum(C43:P43) -> 0
A44: 46195 | B44: Morning | Q44: =sum(C44:P44) -> 0 | R44: =Q44+Q45 -> 0
B45: Evening | Q45: =sum(C45:P45) -> 0
A46: 46195 | B46: Morning | Q46: =sum(C46:P46) -> 0 | R46: =Q46+Q47 -> 0
B47: Evening | Q47: =sum(C47:P47) -> 0
A48: 46197 | B48: Morning | Q48: =sum(C48:P48) -> 0 | R48: =Q48+Q49 -> 0
B49: Evening | Q49: =sum(C49:P49) -> 0
A50: 46198 | B50: Morning | Q50: =sum(C50:P50) -> 0 | R50: =Q50+Q51 -> 0
B51: Evening | Q51: =sum(C51:P51) -> 0
A52: 46199 | B52: Morning | Q52: =sum(C52:P52) -> 0 | R52: =Q52+Q53 -> 0
B53: Evening | Q53: =sum(C53:P53) -> 0
A54: 46200 | B54: Morning | Q54: =sum(C54:P54) -> 0 | R54: =Q54+Q55 -> 0
B55: Evening | Q55: =sum(C55:P55) -> 0
A56: 46201 | B56: Morning | Q56: =sum(C56:P56) -> 0 | R56: =Q56+Q57 -> 0
B57: Evening | Q57: =sum(C57:P57) -> 0
A58: 46202 | B58: Morning | Q58: =sum(C58:P58) -> 0 | R58: =Q58+Q59 -> 0
B59: Evening | Q59: =sum(C59:P59) -> 0
A60: 46203 | B60: Morning | Q60: =sum(C60:P60) -> 0 | R60: =Q60+Q61 -> 0
B61: Evening | Q61: =sum(C61:P61) -> 0
A62: 31-Jun-2026 | B62: Morning | Q62: =sum(C62:P62) -> 0 | R62: =Q62+Q63 -> 0
B63: Evening | Q63: =sum(C63:P63) -> 0
Q64: =sum(C64:P64) -> 0
Q65: =sum(C65:P65) -> 0
Q66: =sum(C66:P66) -> 0
Q67: =sum(C67:P67) -> 0
Q68: =sum(C68:P68) -> 0
Q69: =sum(C69:P69) -> 0
Q70: =sum(C70:N70) -> 0
Q71: =sum(C71:N71) -> 0
Q72: =sum(C72:N72) -> 0
Q73: =sum(C73:N73) -> 0
Q74: =sum(C74:N74) -> 0
Q75: =sum(C75:N75) -> 0
Q76: =sum(C76:N76) -> 0
Q77: =sum(C77:N77) -> 0
Q78: =sum(C78:N78) -> 0
Q79: =sum(C79:N79) -> 0
Q80: =sum(C80:N80) -> 0
Q81: =sum(C81:N81) -> 0
... Q110: =sum(C110:N110) -> 0

Sheet June Summary
A1: Cow Name | B1: Total Milk (Litres)
A2: Total | B2: =Sum(B3:B12) -> 336.7
A4: Shobha | B4: =SUM(June!C2:C61) -> 141.7
A5: Devaki | B5: =SUM(June!D2:D61) -> 116.3
A6: Sita | B6: =SUM(June!E2:E61) -> 78.7
A7: Lakshmi | B7: =sum(June!F2:F61) -> 0
A8: Mruga

Sheet July
A1: Date | B1: Milking | C1: Shobha | D1: Devaki | E1: Sita | F1: Lakshmi | H1: Total (Litres) | I1: Daily total (Litres)
A2: 45839 | B2: Morning | C2: 4 | D2: 0 | E2: 0.5 | H2: =SUM(C2:F2) -> 4.5 | I2: =H2+H3 -> 7.7
B3: Evening | C3: 2.5 | E3: 0.7 | H3: =SUM(C3:F3) -> 3.2
A4: 45840 | B4: Morning | C4: 3.5 | D4: 0 | E4: 0.5 | H4: =SUM(C4:F4) -> 4 | I4: =H4+H5 -> 6.5
B5: Evening | C5: 2.5 | D5: 0 | E5: 0 | H5: =SUM(C5:F5) -> 2.5
A6: 45841 | B6: Morning | C6: 3.5 | D6: 0 | E6: 0.5 | H6: =SUM(C6:F6) -> 4 | I6: =H6+H7 -> 6.5
B7: Evening | C7: 2.5 | D7: 0 | E7: 0 | H7: =SUM(C7:F7) -> 2.5
A8: 45842 | B8: Morning | C8: 4.5 | D8: 0 | E8: 0 | H8: =SUM(C8:F8) -> 4.5 | I8: =H8+H9 -> 8
B9: Evening | C9: 3 | D9: 0 | E9: 0.5 | H9: =SUM(C9:F9) -> 3.5
A10: 45843 | B10: Morning | C10: 4 | D10: 0 | E10: 1 | H10: =SUM(C10:F10) -> 5 | I10: =H10+H11 -> 8.5
B11: Evening | C11: 2.5 | D11: 0 | E11: 1 | H11: =SUM(C11:F11) -> 3.5
A12: 45844 | B12: Morning | C12: 4 | D12: 0 | E12: 1 | H12: =SUM(C12:F12) -> 5 | I12: =H12+H13 -> 9.3
B13: Evening | C13: 3.1 | D13: 0 | E13: 1.2 | H13: =SUM(C13:F13) -> 4.3
A14: 45845 | B14: Morning | C14: 4 | D14: 0.5 | E14: 0.5 | H14: =SUM(C14:F14) -> 5 | I14: =H14+H15 -> 9
B15: Evening | C15: 3 | D15: 0 | E15: 1 | H15: =SUM(C15:F15) -> 4
A16: 45846 | B16: Morning | C16: 4.5 | D16: 0.5 | E16: 0.5 | H16: =SUM(C16:F16) -> 5.5 | I16: =H16+H17 -> 9
B17: Evening | C17: 3 | D17: 0.5 | E17: 0 | H17: =SUM(C17:F17) -> 3.5
A18: 45847 | B18: Morning | C18: 5 | D18: 1.9 | E18: 1.5 | H18: =SUM(C18:F18) -> 8.4 | I18: =H18+H19 -> 13.4
B19: Evening | C19: 3 | D19: 1.5 | E19: 0.5 | H19: =SUM(C19:F19) -> 5
A20: 45848 | B20: Morning | C20: 4.7 | D20: 2 | E20: 1.5 | H20: =SUM(C20:F20) -> 8.2 | I20: =H20+H21 -> 15.1
B21: Evening | C21: 3.5 | D21: 1.4 | E21: 2 | H21: =SUM(C21:F21) -> 6.9
A22: 45849 | B22: Morning | C22: 5 | D22: 1.2 | E22: 2 | F22: 4 | H22: =SUM(C22:F22) -> 12.2 | I22: =H22+H23 -> 20.4
B23: Evening | C23: 2.2 | D23: 1.5 | E23: 1 | F23: 3.5 | H23: =SUM(C23:F23) -> 8.2
A24: 45850 | B24: Morning | C24: 5 | D24: 2 | E24: 2 | F24: 3.5 | H24: =SUM(C24:F24) -> 12.5 | I24: =H24+H25 -> 20.7
B25: Evening | C25: 3 | D25: 1.7 | F25: 3.5 | H25: =SUM(C25:F25) -> 8.2
A26: 45851 | B26: Morning | C26: 5.4 | D26: 2.8 | E26: 2 | F26: 3.8 | H26: =SUM(C26:F26) -> 14 | I26: =H26+H27 -> 23
B27: Evening | C27: 3 | D27: 1.5 | E27: 1 | F27: 3.5 | H27: =SUM(C27:F27) -> 9
A28: 45852 | B28: Morning | C28: 5 | D28: 1.8 | E28: 1.5 | F28: 3.5 | H28: =SUM(C28:F28) -> 11.8 | I28: =H28+H29 -> 21.3
B29: Evening | C29: 3.5 | D29: 2 | E29: 1 | F29: 3 | H29: =SUM(C29:F29) -> 9.5
A30: 45853 | B30: Morning | C30: 4 | D30: 2.5 | E30: 1.5 | F30: 3 | H30: =SUM(C30:F30) -> 11 | I30: =H30+H31 -> 21.3
B31: Evening | C31: 3.8 | D31: 2 | E31: 1.5 | F31: 3 | H31: =SUM(C31:F31) -> 10.3
A32: 45854 | B32: Morning | C32: 4.6 | D32: 2 | E32: 1.4 | F32: 3 | H32: =SUM(C32:F32) -> 11 | I32: =H32+H33 -> 22.2
B33: Evening | C33: 3.5 | D33: 2.5 | E33: 2.2 | F33: 3 | H33: =SUM(C33:F33) -> 11.2
A34: 45855 | B34: Morning | C34: 4.2 | D34: 2 | E34: 2 | F34: 3.5 | H34: =SUM(C34:F34) -> 11.7 | I34: =H34+H35 -> 20.3
B35: Evening | C35: 3.1 | D35: 1 | E35: 1.5 | F35: 3 | H35: =SUM(C35:F35) -> 8.6
A36: 45856 | B36: Morning | C36: 5 | D36: 2.5 | E36: 2 | F36: 3.5 | H36: =SUM(C36:F36) -> 13 | I36: =H36+H37 -> 22.5
B37: Evening | C37: 3 | D37: 2 | E37: 1.5 | F37: 3 | H37: =SUM(C37:F37) -> 9.5
A38: 45857 | B38: Morning | C38: 5.7 | D38: 2.5 | E38: 1.5 | F38: 3 | H38: =SUM(C38:F38) -> 12.7 | I38: =H38+H39 -> 23.2
B39: Evening | C39: 3 | D39: 2 | E39: 1.5 | F39: 4 | H39: =SUM(C39:F39) -> 10.5
A40: 45858 | B40: Morning | C40: 4.9 | D40: 2 | E40: 2 | F40: 4.5 | H40: =SUM(C40:F40) -> 13.4 | I40: =H40+H41 -> 23.8
B41: Evening | C41: 3.2 | D41: 2 | E41: 1.7 | F41: 3.5 | H41: =SUM(C41:F41) -> 10.4
A42: 45859 | B42: Morning | C42: 5.5 | D42: 2 | E42: 2.5 | F42: 4.4 | H42: =SUM(C42:F42) -> 14.4 | I42: =H42+H43 -> 24.7
B43: Evening | C43: 3 | D43: 2 | E43: 2 | F43: 3.3 | H43: =SUM(C43:F43) -> 10.3
A44: 45860 | B44: Morning | C44: 4.7 | D44: 2 | E44: 2.5 | F44: 4.5 | H44: =SUM(C44:F44) -> 13.7 | I44: =H44+H45 -> 24.2
B45: Evening | C45: 3 | D45: 2 | E45: 2 | F45: 3.5 | H45: =SUM(C45:F45) -> 10.5
A46: 45861 | B46: Morning | C46: 4.5 | D46: 2 | E46: 1.9 | F46: 4 | H46: =SUM(C46:F46) -> 12.4 | I46: =H46+H47 -> 22.8
B47: Evening | C47: 2.7 | D47: 2 | E47: 2 | F47: 3.7 | H47: =SUM(C47:F47) -> 10.4
A48: 45862 | B48: Morning | C48: 4.9 | D48: 2 | E48: 2 | F48: 4.5 | H48: =SUM(C48:F48) -> 13.4 | I48: =H48+H49 -> 23.7
B49: Evening | C49: 3.4 | D49: 1.5 | E49: 1.5 | F49: 3.9 | H49: =SUM(C49:F49) -> 10.3
A50: 45863 | B50: Morning | C50: 4.4 | D50: 2 | E50: 2 | F50: 4.5 | H50: =SUM(C50:F50) -> 12.9 | I50: =H50+H51 -> 22.9
B51: Evening | C51: 2 | D51: 2 | E51: 2 | F51: 4 | H51: =SUM(C51:F51) -> 10
A52: 45864 | B52: Morning | C52: 3.5 | D52: 1.7 | E52: 1.5 | F52: 4 | H52: =SUM(C52:F52) -> 10.7 | I52: =H51+H52 -> 20.7
B53: Evening | C53: 3.5 | D53: 1.5 | E53: 1.7 | F53: 4 | H53: =SUM(C53:F53) -> 10.7
A54: 45865 | B54: Morning | C54: 5.3 | D54: 1.5 | E54: 1.8 | F54: 3.4 | H54: =SUM(C54:F54) -> 12 | I54: =H54+H55 -> 23
B55: Evening | C55: 3.5 | D55: 1.5 | E55: 2 | F55: 4 | H55: =SUM(C55:F55) -> 11
A56: 45866 | B56: Morning | C56: 4.9 | D56: 2 | E56: 2 | F56: 4.7 | H56: =SUM(C56:F56) -> 13.6 | I56: =H56+H57 -> 25.3
B57: Evening | C57: 4 | D57: 1.5 | E57: 1.7 | F57: 4.5 | H57: =SUM(C57:F57) -> 11.7
A58: 45867 | B58: Morning | C58: 4.5 | D58: 2 | E58: 2 | F58: 4 | H58: =SUM(C58:F58) -> 12.5 | I58: =H58+H59 -> 23.8
B59: Evening | C59: 3.5 | D59: 1.5 | E59: 1.8 | F59: 4.5 | H59: =SUM(C59:F59) -> 11.3
A60: 45868 | B60: Morning | C60: 5.4 | D60: 2 | E60: 2 | F60: 4.5 | H60: =SUM(C60:F60) -> 13.9 | I60: =H60+H61 -> 24.9
B61: Evening | C61: 3.5 | D61: 1.5 | E61: 2 | F61: 4 | H61: =SUM(C61:F61) -> 11
A62: 45869 | B62: Morning | C62: 4 | D62: 1.5 | E62: 2.5 | F62: 4.5 | H62: =SUM(C62:F62) -> 12.5 | I62: =H62+H63 -> 24.5
B63: Evening | C63: 4 | D63: 1.5 | E63: 2 | F63: 4.5 | H63: =SUM(C63:F63) -> 12

Sheet July Summary
A1: Cow Name | B1: Total Milk (Litres)
A2: Total | B2: =Sum(B3:B12) -> 572.9
A4: Shobha | B4: =SUM(July!C2:C63) -> 238.1
A5: Devaki | B5: =SUM(July!D2:D63) -> 87
A6: Sita | B6: =SUM(July!E2:E63) -> 88.6
A7: Lakshmi | B7: =sum(July!F2:F63) -> 159.2
A8: Mruga

Sheet August
A1: Date | B1: Milking | C1: Shobha | D1: Devaki | E1: Sita | F1: Lakshmi | H1: Total (Litres) | I1: Daily total (Litres)
A2: 45870 | B2: Morning | C2: 4.7 | D2: 2 | E2: 2.4 | F2: 4.5 | H2: =SUM(C2:F2) -> 13.6 | I2: =H2+H3 -> 24.6
B3: Evening | C3: 3.5 | D3: 1.5 | E3: 1.5 | F3: 4.5 | H3: =SUM(C3:F3) -> 11
A4: 45871 | B4: Morning | C4: 4.9 | D4: 2 | E4: 2.4 | F4: 5 | H4: =SUM(C4:F4) -> 14.3 | I4: =H4+H5 -> 25.8
B5: Evening | C5: 4.6 | D5: 1.5 | E5: 1.7 | F5: 3.7 | H5: =SUM(C5:F5) -> 11.5
A6: 45872 | B6: Morning | C6: 4.5 | D6: 2 | E6: 2.5 | F6: 4.5 | H6: =SUM(C6:F6) -> 13.5 | I6: =H6+H7 -> 23.2
B7: Evening | C7: 1.5 | D7: 1.5 | E7: 2.5 | F7: 4.2 | H7: =SUM(C7:F7) -> 9.7
A8: 45873 | B8: Morning | C8: 4.9 | D8: 1.9 | E8: 2.5 | F8: 3.5 | H8: =SUM(C8:F8) -> 12.8 | I8: =H8+H9 -> 23.8
B9: Evening | C9: 3 | D9: 2 | E9: 2 | F9: 4 | H9: =SUM(C9:F9) -> 11
A10: 45874 | B10: Morning | C10: 4.4 | D10: 2 | E10: 2.5 | F10: 4.2 | H10: =SUM(C10:F10) -> 13.1 | I10: =H10+H11 -> 23.1
B11: Evening | C11: 2.5 | D11: 2 | E11: 2 | F11: 3.5 | H11: =SUM(C11:F11) -> 10
A12: 45875 | B12: Morning | C12: 4.5 | D12: 2 | E12: 2.5 | F12: 3.4 | H12: =SUM(C12:F12) -> 12.4 | I12: =H12+H13 -> 21.6
B13: Evening | C13: 2.7 | D13: 1.5 | E13: 1.5 | F13: 3.5 | H13: =SUM(C13:F13) -> 9.2
A14: 45876 | B14: Morning | C14: 5.5 | D14: 2 | E14: 2.5 | F14: 4.5 | H14: =SUM(C14:F14) -> 14.5 | I14: =H14+H15 -> 25.6
B15: Evening | C15: 3.4 | D15: 2 | E15: 2 | F15: 3.7 | H15: =SUM(C15:F15) -> 11.1
A16: 45877 | B16: Morning | C16: 5 | D16: 2.4 | E16: 2.5 | F16: 4.4 | H16: =SUM(C16:F16) -> 14.3 | I16: =H16+H17 -> 25.3
B17: Evening | C17: 3 | D17: 2 | E17: 2 | F17: 4 | H17: =SUM(C17:F17) -> 11
A18: 45878 | B18: Morning | C18: 5.4 | D18: 2 | E18: 2.5 | F18: 4.5 | H18: =SUM(C18:F18) -> 14.4 | I18: =H18+H19 -> 25.7
B19: Evening | C19: 3.5 | D19: 1.9 | E19: 2 | F19: 3.9 | H19: =SUM(C19:F19) -> 11.3
A20: 45879 | B20: Morning | C20: 4.5 | D20: 2 | E20: 2.5 | F20: 4 | H20: =SUM(C20:F20) -> 13 | I20: =H20+H21 -> 23.1
B21: Evening | C21: 3.4 | D21: 1.7 | E21: 2 | F21: 3 | H21: =SUM(C21:F21) -> 10.1
A22: 45880 | B22: Morning | C22: 5.5 | D22: 2 | E22: 2.3 | F22: 3.4 | H22: =SUM(C22:F22) -> 13.2 | I22: =H22+H23 -> 23.8
B23: Evening | C23: 3 | D23: 2 | E23: 2.1 | F23: 3.5 | H23: =SUM(C23:F23) -> 10.6
A24: 45881 | B24: Morning | C24: 4.7 | D24: 2.2 | E24: 2.5 | F24: 4 | H24: =SUM(C24:F24) -> 13.4 | I24: =H24+H25 -> 24.1
B25: Evening | C25: 2.5 | D25: 2 | E25: 2.2 | F25: 4 | H25: =SUM(C25:F25) -> 10.7
A26: 45882 | B26: Morning | C26: 5.4 | D26: 2.2 | E26: 2.5 | F26: 4.4 | H26: =SUM(C26:F26) -> 14.5 | I26: =H26+H27 -> 25.1
B27: Evening | C27: 2.9 | D27: 2 | E27: 2 | F27: 3.7 | H27: =SUM(C27:F27) -> 10.6
A28: 45883 | B28: Morning | C28: 4.4 | D28: 2 | E28: 2.2 | F28: 4.7 | H28: =SUM(C28:F28) -> 13.3 | I28: =H28+H29 -> 24.2
B29: Evening | C29: 2.5 | D29: 2 | E29: 2 | F29: 4.4 | H29: =SUM(C29:F29) -> 10.9
A30: 45884 | B30: Morning | C30: 4 | D30: 2 | E30: 1.5 | F30: 4.5 | H30: =SUM(C30:F30) -> 12 | I30: =H30+H31 -> 22.6
B31: Evening | C31: 3.1 | D31: 2 | E31: 2 | F31: 3.5 | H31: =SUM(C31:F31) -> 10.6
A32: 45885 | B32: Morning | C32: 4 | D32: 2 | E32: 2.4 | F32: 4 | H32: =SUM(C32:F32) -> 12.4 | I32: =H32+H33 -> 22.7
B33: Evening | C33: 2.4 | D33: 2 | E33: 2.4 | F33: 3.5 | H33: =SUM(C33:F33) -> 10.3
A34: 45886 | B34: Morning | C34: 5 | D34: 2.2 | E34: 2.5 | F34: 4 | H34: =SUM(C34:F34) -> 13.7 | I34: =H34+H35 -> 23.4
B35: Evening | C35: 2.7 | D35: 2 | E35: 2 | F35: 3 | H35: =SUM(C35:F35) -> 9.7
A36: 45887 | B36: Morning | C36: 4.5 | D36: 2.3 | E36: 2.2 | F36: 4.7 | H36: =SUM(C36:F36) -> 13.7 | I36: =H36+H37 -> 24.2
B37: Evening | C37: 3 | D37: 1.5 | E37: 2 | F37: 4 | H37: =SUM(C37:F37) -> 10.5
A38: 45888 | B38: Morning | C38: 4.9 | D38: 2 | E38: 2 | F38: 5 | H38: =SUM(C38:F38) -> 13.9 | I38: =H38+H39 -> 22.6
B39: Evening | C39: 3 | D39: 2 | F39: 3.7 | H39: =SUM(C39:F39) -> 8.7
A40: 45889 | B40: Morning | C40: 0.5 | D40: 1.5 | E40: 2.6 | F40: 4.7 | H40: =SUM(C40:F40) -> 9.3 | I40: =H40+H41 -> 20.9
B41: Evening | C41: 2.9 | D41: 1.5 | E41: 2.7 | F41: 4.5 | H41: =SUM(C41:F41) -> 11.6
A42: 45890 | B42: Morning | C42: 4.8 | D42: 0.8 | E42: 2.5 | F42: 4.8 | H42: =SUM(C42:F42) -> 12.9 | I42: =H42+H43 -> 22.6
B43: Evening | C43: 3 | D43: 0.7 | E43: 2 | F43: 4 | H43: =SUM(C43:F43) -> 9.7
A44: 45891 | B44: Morning | C44: 3.7 | D44: 1 | E44: 3 | F44: 4.8 | H44: =SUM(C44:F44) -> 12.5 | I44: =H44+H45 -> 23.2
B45: Evening | C45: 3 | D45: 0.8 | E45: 2.9 | F45: 4 | H45: =SUM(C45:F45) -> 10.7
A46: 45892 | B46: Morning | C46: 4.8 | D46: 0.8 | E46: 3 | F46: 4.8 | H46: =SUM(C46:F46) -> 13.4 | I46: =H46+H47 -> 23.4
B47: Evening | C47: 3 | D47: 0.5 | E47: 2.5 | F47: 4 | H47: =SUM(C47:F47) -> 10
A48: 45893 | B48: Morning | C48: 4 | D48: 0.5 | E48: 3 | F48: 4.5 | H48: =SUM(C48:F48) -> 12 | I48: =H48+H49 -> 23.8
B49: Evening | C49: 4 | D49: 0.8 | E49: 3 | F49: 4 | H49: =SUM(C49:F49) -> 11.8
A50: 45894 | B50: Morning | C50: 4 | D50: 0.5 | E50: 2.8 | F50: 4 | H50: =SUM(C50:F50) -> 11.3 | I50: =H50+H51 -> 17.9
B51: Evening | C51: 0 | D51: 2.4 | E51: 0 | F51: 4.2 | H51: =SUM(C51:F51) -> 6.6
A52: 45895 | B52: Morning | C52: 2.8 | D52: 2.5 | E52: 1 | F52: 5 | H52: =SUM(C52:F52) -> 11.3 | I52: =H52+H53 -> 19.7
B53: Evening | C53: 1 | D53: 0.5 | E53: 3 | F53: 3.9 | H53: =SUM(C53:F53) -> 8.4
A54: 45896 | B54: Morning | C54: 2.8 | D54: 0.5 | E54: 3 | F54: 4.7 | H54: =SUM(C54:F54) -> 11 | I54: =H54+H55 -> 19.5
B55: Evening | C55: 1.5 | D55: 0.5 | E55: 3 | F55: 3.5 | H55: =SUM(C55:F55) -> 8.5
A56: 45897 | B56: Morning | C56: 2.7 | D56: 0.4 | E56: 3 | F56: 4 | H56: =SUM(C56:F56) -> 10.1 | I56: =H56+H57 -> 18
B57: Evening | C57: 1.5 | D57: 0.7 | E57: 2.7 | F57: 3 | H57: =SUM(C57:F57) -> 7.9
A58: 45898 | B58: Morning | C58: 3 | D58: 0.5 | E58: 3.3 | F58: 3.4 | H58: =SUM(C58:F58) -> 10.2 | I58: =H58+H59 -> 19.1
B59: Evening | C59: 2.7 | D59: 0.4 | E59: 3 | F59: 2.8 | H59: =SUM(C59:F59) -> 8.9
A60: 45899 | B60: Morning | C60: 5 | D60: 0.5 | E60: 3 | F60: 3.5 | H60: =SUM(C60:F60) -> 12 | I60: =H60+H61 -> 20.9
B61: Evening | C61: 2.6 | D61: 0.5 | E61: 2.8 | F61: 3 | H61: =SUM(C61:F61) -> 8.9
A62: 45900 | B62: Morning | C62: 4 | D62: 0 | E62: 2.7 | F62: 3.7 | H62: =SUM(C62:F62) -> 10.4 | I62: =H62+H63 -> 17.6
B63: Evening | C63: 2.5 | E63: 2.7 | F63: 2 | H63: =SUM(C63:F63) -> 7.2

Sheet Sheet3

Sheet August Summary
A1: Cow Name | B1: Total Milk (Litres)
A2: Total | B2: =Sum(B3:B12) -> 701.1
A4: Shobha | B4: =SUM(August!C2:C63) -> 216.7
A5: Devaki | B5: =SUM(August!D2:D63) -> 93.1
A6: Sita | B6: =SUM(August!E2:E63) -> 144
A7: Lakshmi | B7: =sum(August!F2:F63) -> 247.3
A8: Mruga

Sheet September 
A1: Date | B1: Milking | C1: Shobha | D1: Devaki | E1: Sita | F1: Lakshmi | H1: Total (Litres) | I1: Daily total (Litres)
A2: 45901 | B2: Morning | C2: 4.3 | D2: 0.7 | E2: 3.2 | F2: 3 | H2: =SUM(C2:F2) -> 11.2 | I2: =H2+H3 -> 19.2
B3: Evening | C3: 3.2 | E3: 2.4 | F3: 2.4 | H3: =SUM(C3:F3) -> 8
A4: 45902 | B4: Morning | C4: 4.5 | D4: 0 | E4: 3 | F4: 3 | H4: =SUM(C4:F4) -> 10.5 | I4: =H4+H5 -> 18.3
B5: Evening | C5: 2 | D5: 0 | E5: 2.8 | F5: 3 | H5: =SUM(C5:F5) -> 7.8
A6: 45903 | B6: Morning | C6: 4.5 | D6: 0 | E6: 3 | F6: 3.5 | H6: =SUM(C6:F6) -> 11 | I6: =H6+H7 -> 19.2
B7: Evening | C7: 2.5 | D7: 0 | E7: 3 | F7: 2.7 | H7: =SUM(C7:F7) -> 8.2
A8: 45904 | B8: Morning | C8: 3.5 | D8: 0.5 | E8: 3.5 | F8: 2.5 | H8: =SUM(C8:F8) -> 10 | I8: =H8+H9 -> 18.3
B9: Evening | C9: 2.5 | D9: 0 | E9: 2.8 | F9: 3 | H9: =SUM(C9:F9) -> 8.3
A10: 45905 | B10: Morning | C10: 3.1 | D10: 0 | E10: 3.2 | F10: 3.8 | H10: =SUM(C10:F10) -> 10.1 | I10: =H10+H11 -> 18.4
B11: Evening | C11: 2.6 | D11: 0 | E11: 2.7 | F11: 3 | H11: =SUM(C11:F11) -> 8.3
A12: 45906 | B12: Morning | C12: 3.7 | D12: 0 | E12: 3 | F12: 3 | H12: =SUM(C12:F12) -> 9.7 | I12: =H12+H13 -> 18.4
B13: Evening | C13: 2.5 | D13: 0 | E13: 3 | F13: 3.2 | H13: =SUM(C13:F13) -> 8.7
A14: 45907 | B14: Morning | C14: 3.5 | D14: 0 | E14: 3 | F14: 3.5 | H14: =SUM(C14:F14) -> 10 | I14: =H14+H15 -> 19.3
B15: Evening | C15: 3 | D15: 0.5 | E15: 2.9 | F15: 2.9 | H15: =SUM(C15:F15) -> 9.3
A16: 45908 | B16: Morning | C16: 3.7 | D16: 0 | E16: 3 | F16: 3.5 | H16: =SUM(C16:F16) -> 10.2 | I16: =H16+H17 -> 19.2
B17: Evening | C17: 3 | D17: 0 | E17: 3 | F17: 3 | H17: =SUM(C17:F17) -> 9
A18: 45909 | B18: Morning | C18: 3.5 | D18: 0 | E18: 3 | F18: 3.2 | H18: =SUM(C18:F18) -> 9.7 | I18: =H18+H19 -> 16.2
B19: Evening | C19: 1.5 | D19: 0 | E19: 2.5 | F19: 2.5 | H19: =SUM(C19:F19) -> 6.5
A20: 45910 | B20: Morning | C20: 4.4 | D20: 0 | E20: 3 | F20: 4 | H20: =SUM(C20:F20) -> 11.4 | I20: =H20+H21 -> 21.9
B21: Evening | C21: 3.5 | D21: 0 | E21: 3.5 | F21: 3.5 | H21: =SUM(C21:F21) -> 10.5
A22: 45911 | B22: Morning | C22: 3.9 | D22: 0 | E22: 3.5 | F22: 3.5 | H22: =SUM(C22:F22) -> 10.9 | I22: =H22+H23 -> 21.3
B23: Evening | C23: 3.4 | E23: 3 | F23: 4 | H23: =SUM(C23:F23) -> 10.4
A24: 45912 | B24: Morning | C24: 2.2 | E24: 3 | F24: 4 | H24: =SUM(C24:F24) -> 9.2 | I24: =H24+H25 -> 19.7
B25: Evening | C25: 3.5 | E25: 3 | F25: 4 | H25: =SUM(C25:F25) -> 10.5
A26: 45913 | B26: Morning | C26: 4 | E26: 3 | F26: 4 | H26: =SUM(C26:F26) -> 11 | I26: =H26+H27 -> 17.5
B27: Evening | C27: 1 | E27: 2 | F27: 3.5 | H27: =SUM(C27:F27) -> 6.5
A28: 45914 | B28: Morning | C28: 4 | E28: 3.5 | F28: 4.5 | H28: =SUM(C28:F28) -> 12 | I28: =H28+H29 -> 22.1
B29: Evening | C29: 3.5 | E29: 3.3 | F29: 3.3 | H29: =SUM(C29:F29) -> 10.1
A30: 45915 | B30: Morning | C30: 4 | E30: 3.5 | F30: 3.5 | H30: =SUM(C30:F30) -> 11 | I30: =H30+H31 -> 18.5
B31: Evening | C31: 2.5 | E31: 1.5 | F31: 3.5 | H31: =SUM(C31:F31) -> 7.5
A32: 45916 | B32: Morning | C32: 4.1 | E32: 2.6 | F32: 3.5 | H32: =SUM(C32:F32) -> 10.2 | I32: =H32+H33 -> 20.9
B33: Evening | C33: 3.5 | E33: 3.5 | F33: 3.7 | H33: =SUM(C33:F33) -> 10.7
A34: 45917 | B34: Morning | C34: 3.5 | E34: 1.5 | F34: 1 | H34: =SUM(C34:F34) -> 6 | I34: =H34+H35 -> 16
B35: Evening | C35: 4 | E35: 2.5 | F35: 3.5 | H35: =SUM(C35:F35) -> 10
A36: 45918 | B36: Morning | C36: 4.5 | E36: 2.2 | F36: 4 | H36: =SUM(C36:F36) -> 10.7 | I36: =H36+H37 -> 19.6
B37: Evening | C37: 3.5 | E37: 2.2 | F37: 3.2 | H37: =SUM(C37:F37) -> 8.9
A38: 45919 | B38: Morning | C38: 3.5 | E38: 1.7 | F38: 3.9 | H38: =SUM(C38:F38) -> 9.1 | I38: =H38+H39 -> 18
B39: Evening | C39: 4 | E39: 1.9 | F39: 3 | H39: =SUM(C39:F39) -> 8.9
A40: 45920 | B40: Morning | C40: 3.2 | E40: 1.2 | F40: 3.4 | H40: =SUM(C40:F40) -> 7.8 | I40: =H40+H41 -> 16.6
B41: Evening | C41: 3.4 | E41: 2.4 | F41: 3 | H41: =SUM(C41:F41) -> 8.8
A42: 45921 | B42: Morning | C42: 3.9 | E42: 3 | F42: 3.5 | H42: =SUM(C42:F42) -> 10.4 | I42: =H42+H43 -> 18.6
B43: Evening | C43: 3.4 | E43: 1.8 | F43: 3 | H43: =SUM(C43:F43) -> 8.2
A44: 45922 | B44: Morning | C44: 4 | E44: 2 | F44: 4 | H44: =SUM(C44:F44) -> 10 | I44: =H44+H45 -> 19
B45: Evening | C45: 3.5 | E45: 2.5 | F45: 3 | H45: =SUM(C45:F45) -> 9
A46: 45923 | B46: Morning | C46: 3.9 | E46: 2.4 | F46: 3.9 | H46: =SUM(C46:F46) -> 10.2 | I46: =H46+H47 -> 16.7
B47: Evening | C47: 3.5 | E47: 0 | F47: 3 | H47: =SUM(C47:F47) -> 6.5
A48: 45924 | B48: Morning | C48: 3.9 | E48: 2 | F48: 3.2 | H48: =SUM(C48:F48) -> 9.1 | I48: =H48+H49 -> 17.3
B49: Evening | C49: 3.5 | E49: 1.7 | F49: 3 | H49: =SUM(C49:F49) -> 8.2
A50: 45925 | B50: Morning | C50: 3.4 | E50: 1.8 | F50: 3 | H50: =SUM(C50:F50) -> 8.2 | I50: =H50+H51 -> 16.6
B51: Evening | C51: 2.9 | E51: 1.5 | F51: 4 | H51: =SUM(C51:F51) -> 8.4
A52: 45926 | B52: Morning | C52: 3.5 | E52: 1 | F52: 3 | H52: =SUM(C52:F52) -> 7.5 | I52: =H51+H52 -> 15.9
B53: Evening | C53: 3.5 | E53: 1.5 | F53: 2.8 | H53: =SUM(C53:F53) -> 7.8
A54: 45927 | B54: Morning | C54: 4 | E54: 1.5 | F54: 3.4 | H54: =SUM(C54:F54) -> 8.9 | I54: =H54+H55 -> 12.9
B55: Evening | C55: 0 | E55: 1 | F55: 3 | H55: =SUM(C55:F55) -> 4
A56: 45928 | B56: Morning | C56: 4 | E56: 1.5 | F56: 3.5 | H56: =SUM(C56:F56) -> 9 | I56: =H56+H57 -> 15
B57: Evening | C57: 3.5 | E57: 0 | F57: 2.5 | H57: =SUM(C57:F57) -> 6
A58: 45929 | B58: Morning | C58: 3.8 | E58: 2 | F58: 3.5 | H58: =SUM(C58:F58) -> 9.3 | I58: =H58+H59 -> 16.6
B59: Evening | C59: 3.8 | E59: 1 | F59: 2.5 | H59: =SUM(C59:F59) -> 7.3
A60: 45930 | B60: Morning | C60: 3.8 | E60: 1 | F60: 3..7 | H60: =SUM(C60:F60) -> 4.8 | I60: =H60+H61 -> 12.5
B61: Evening | C61: 3.4 | E61: 1.5 | F61: 2.8 | H61: =SUM(C61:F61) -> 7.7
B62: Morning | H62: =SUM(C62:F62) -> 0 | I62: =H62+H63 -> 0
B63: Evening | H63: =SUM(C63:F63) -> 0

Sheet September Summary
A1: Cow Name | B1: Total Milk (Litres)
A2: Total | B2: =Sum(B3:B12) -> 539.1
A4: Shobha | B4: =sum('September '!C2:C63) -> 203.4
A5: Devaki | B5: =sum('September '!D2:D63) -> 1.7
A6: Sita | B6: =sum('September '!E2:E63) -> 141.2
A7: Lakshmi | B7: =sum('September '!F2:F63) -> 192.8
A8: Mruga

Sheet October 
A1: Date | B1: Milking | C1: Shobha | D1: Devaki | E1: Sita | F1: Lakshmi | G1: Mruga | H1: Total (Litres) | I1: Daily total (Litres)
A2: 45931 | B2: Morning | C2: 4 | E2: 1.8 | F2: 3 | H2: =SUM(C2:G2) -> 8.8 | I2: =H2+H3 -> 15.6
B3: Evening | C3: 3.3 | E3: 1 | F3: 2.5 | H3: =SUM(C3:G3) -> 6.8
A4: 45932 | B4: Morning | C4: 3.5 | E4: 1 | F4: 2.5 | H4: =SUM(C4:G4) -> 7 | I4: =H4+H5 -> 15
B5: Evening | C5: 4 | E5: 1.3 | F5: 2.7 | H5: =SUM(C5:G5) -> 8
A6: 45933 | B6: Morning | C6: 3.5 | E6: 1.2 | F6: 2.5 | H6: =SUM(C6:G6) -> 7.2 | I6: =H6+H7 -> 12.7
B7: Evening | C7: 3.5 | E7: 0 | F7: 2 | H7: =SUM(C7:G7) -> 5.5
A8: 45934 | B8: Morning | C8: 4 | E8: 0 | F8: 4 | H8: =SUM(C8:G8) -> 8 | I8: =H8+H9 -> 15.5
B9: Evening | C9: 3.5 | E9: 1.5 | F9: 2.5 | H9: =SUM(C9:G9) -> 7.5
A10: 45935 | B10: Morning | C10: 3.5 | E10: 2.2 | F10: 2.2 | H10: =SUM(C10:G10) -> 7.9 | I10: =H10+H11 -> 16
B11: Evening | C11: 3.5 | E11: 1.8 | F11: 2.8 | H11: =SUM(C11:G11) -> 8.1
A12: 45936 | B12: Morning | C12: 4 | E12: 2.4 | F12: 3 | H12: =SUM(C12:F12) -> 9.4 | I12: =H12+H13 -> 16.8
B13: Evening | C13: 3 | E13: 1.7 | F13: 2.7 | H13: =SUM(C13:F13) -> 7.4
A14: 45937 | B14: Morning | C14: 4.3 | E14: 1.5 | F14: 3.7 | H14: =SUM(C14:F14) -> 9.5 | I14: =H14+H15 -> 16.4
B15: Evening | C15: 3 | E15: 1.2 | F15: 2.7 | H15: =SUM(C15:F15) -> 6.9
A16: 45938 | B16: Morning | C16: 3.5 | E16: 1.6 | F16: 3.5 | H16: =SUM(C16:F16) -> 8.6 | I16: =H16+H17 -> 16.4
B17: Evening | C17: 3 | E17: 1.3 | F17: 3.5 | H17: =SUM(C17:F17) -> 7.8
A18: 45939 | B18: Morning | C18: 3.5 | E18: 2.3 | F18: 3.5 | H18: =SUM(C18:F18) -> 9.3 | I18: =H18+H19 -> 14.9
B19: Evening | C19: 2.2 | E19: 1.2 | F19: 2.2 | H19: =SUM(C19:F19) -> 5.6
A20: 45940 | B20: Morning | C20: 3.5 | E20: 1 | F20: 3 | H20: =SUM(C20:F20) -> 7.5 | I20: =H20+H21 -> 14.8
B21: Evening | C21: 3.2 | E21: 1.5 | F21: 2.6 | H21: =SUM(C21:F21) -> 7.3
A22: 45941 | B22: Morning | C22: 0 | E22: 0.7 | F22: 3.5 | H22: =SUM(C22:F22) -> 4.2 | I22: =H22+H23 -> 11.7
B23: Evening | C23: 3 | E23: 1.5 | F23: 3 | H23: =SUM(C23:F23) -> 7.5
A24: 45942 | B24: Morning | C24: 4 | E24: 1.3 | F24: 2.9 | H24: =SUM(C24:F24) -> 8.2 | I24: =H24+H25 -> 14.9
B25: Evening | C25: 3 | E25: 0.8 | F25: 2.9 | H25: =SUM(C25:F25) -> 6.7
A26: 45943 | B26: Morning | C26: 3 | E26: 1.5 | F26: 2.5 | H26: =SUM(C26:F26) -> 7 | I26: =H26+H27 -> 11.2
B27: Evening | C27: 2.2 | E27: 1 | F27: 1 | H27: =SUM(C27:F27) -> 4.2
A28: 45944 | B28: Morning | C28: 3.5 | E28: 2 | F28: 2 | H28: =SUM(C28:F28) -> 7.5 | I28: =H28+H29 -> 14.3
B29: Evening | C29: 1.2 | E29: 2.4 | F29: 3.2 | H29: =SUM(C29:F29) -> 6.8
A30: 45945 | B30: Morning | C30: 3.5 | E30: 2.8 | F30: 2.5 | H30: =SUM(C30:F30) -> 8.8 | I30: =H30+H31 -> 16.2
B31: Evening | C31: 3 | E31: 2 | F31: 2.4 | H31: =SUM(C31:F31) -> 7.4
A32: 45946 | B32: Morning | C32: 3.5 | E32: 2 | F32: 3.5 | H32: =SUM(C32:F32) -> 9 | I32: =H32+H33 -> 16.6
B33: Evening | C33: 3 | E33: 2 | F33: 2.6 | H33: =SUM(C33:F33) -> 7.6
A34: 45947 | B34: Morning | C34: 4 | E34: 1.5 | F34: 2.7 | H34: =SUM(C34:F34) -> 8.2 | I34: =H34+H35 -> 14.6
B35: Evening | C35: 3 | E35: 1.5 | F35: 1.9 | H35: =SUM(C35:F35) -> 6.4
A36: 45948 | B36: Morning | C36: 3 | E36: 1.5 | F36: 2.5 | H36: =SUM(C36:F36) -> 7 | I36: =H36+H37 -> 14.2
B37: Evening | C37: 3.2 | E37: 1.5 | F37: 2.5 | H37: =SUM(C37:F37) -> 7.2
A38: 45949 | B38: Morning | C38: 4 | E38: 2.5 | F38: 2.5 | H38: =SUM(C38:F38) -> 9 | I38: =H38+H39 -> 15.4
B39: Evening | C39: 2.5 | E39: 1.7 | F39: 2.2 | H39: =SUM(C39:F39) -> 6.4
A40: 45950 | B40: Morning | C40: 4 | E40: 0 | F40: 3 | H40: =SUM(C40:F40) -> 7 | I40: =H40+H41 -> 10.9
B41: Evening | C41: 0 | E41: 1.9 | F41: 2 | H41: =SUM(C41:F41) -> 3.9
A42: 45951 | B42: Morning | C42: 4.5 | E42: 2.5 | F42: 2.5 | H42: =SUM(C42:F42) -> 9.5 | I42: =H42+H43 -> 16.5
B43: Evening | C43: 2.5 | E43: 2 | F43: 2.5 | H43: =SUM(C43:F43) -> 7
A44: 45952 | B44: Morning | C44: 2.5 | E44: 2.5 | F44: 3 | H44: =SUM(C44:F44) -> 8 | I44: =H44+H45 -> 15.9
B45: Evening | C45: 2 | E45: 2.4 | F45: 3.5 | H45: =SUM(C45:F45) -> 7.9
A46: 45953 | B46: Morning | C46: 0.5 | E46: 2.5 | F46: 3 | G46: 3.5 | H46: =SUM(C46:G46) -> 9.5 | I46: =H46+H47 -> 20.4
B47: Evening | C47: 2.7 | E47: 2 | F47: 3 | G47: 3.2 | H47: =SUM(C47:G47) -> 10.9
A48: 45954 | B48: Morning | C48: 1.9 | E48: 2.8 | F48: 4 | G48: 3.8 | H48: =SUM(C48:G48) -> 12.5 | I48: =H48+H49 -> 24.9
B49: Evening | C49: 3 | E49: 2.7 | F49: 3.7 | G49: 3 | H49: =SUM(C49:G49) -> 12.4
A50: 45955 | B50: Morning | C50: 2.7 | E50: 1.7 | F50: 4 | G50: 3.7 | H50: =SUM(C50:G50) -> 12.1 | I50: =H50+H51 -> 23.8
B51: Evening | C51: 2.7 | E51: 2.5 | F51: 3 | G51: 3.5 | H51: =SUM(C51:G51) -> 11.7
A52: 45956 | B52: Morning | C52: 3.5 | E52: 3.2 | F52: 4.5 | G52: 5 | H52: =SUM(C52:G52) -> 16.2 | I52: =H52+H53 -> 26
B53: Evening | C53: 2.7 | E53: 0.6 | F53: 3.5 | G53: 3 | H53: =SUM(C53:G53) -> 9.8
A54: 45957 | B54: Morning | C54: 3.8 | E54: 2.5 | F54: 4.2 | G54: 4.5 | H54: =SUM(C54:G54) -> 15 | I54: =H54+H55 -> 25.4
B55: Evening | C55: 1.5 | E55: 1.9 | F55: 3.5 | G55: 3.5 | H55: =SUM(C55:G55) -> 10.4
A56: 45958 | B56: Morning | C56: 3.8 | E56: 2.5 | F56: 3.3 | G56: 4.1 | H56: =SUM(C56:G56) -> 13.7 | I56: =H56+H57 -> 25.1
B57: Evening | C57: 2.5 | E57: 2.2 | F57: 3 | G57: 3.7 | H57: =SUM(C57:G57) -> 11.4
A58: 45959 | B58: Morning | C58: 2.8 | E58: 1 | F58: 4 | G58: 5.4 | H58: =SUM(C58:G58) -> 13.2 | I58: =H58+H59 -> 21.7
B59: Evening | C59: 3 | E59: 0 | F59: 2.5 | G59: 3 | H59: =SUM(C59:G59) -> 8.5
A60: 45960 | B60: Morning | C60: 0 | E60: 0 | F60: 4 | G60: 5 | H60: =SUM(C60:G60) -> 9 | I60: =H60+H61 -> 19
B61: Evening | C61: 1.5 | E61: 1.5 | F61: 2 | G61: 5 | H61: =SUM(C61:G61) -> 10
B62: Morning | C62: 3 | E62: 1 | F62: 2.5 | G62: 5 | H62: =SUM(C62:G62) -> 11.5 | I62: =H62+H63 -> 21
B63: Evening | C63: 3.5 | E63: 0 | F63: 3.5 | G63: 2.5 | H63: =SUM(C63:G63) -> 9.5

Sheet October Summary
A1: Cow Name | B1: Total Milk (Litres)
A2: Total | B2: =Sum(B3:B12) -> 533.8
A4: Shobha | B4: =sum('October '!C2:C63) -> 182.7
A5: Devaki | B5: =sum('October '!D3:D63) -> 0
A6: Sita | B6: =sum('October '!E2:E63) -> 99.6
A7: Lakshmi | B7: =sum('October '!F2:F63) -> 181.1
A8: Mruga | B8: =sum('October '!G2:G63) -> 70.4

Sheet  November 
A1: Date | B1: Milking | C1: Shobha | D1: Devaki | E1: Sita | F1: Lakshmi | G1: Mruga | H1: Radha | I1: Pushpa | J1: Total (Litres) | K1: Daily total (Litres)
A2: 45962 | B2: Morning | C2: 2 | E2: 0 | F2: 3.5 | G2: 4.4 | J2: =SUM(C2:I2) -> 9.9 | K2: =J2+J3 -> 20.7
B3: Evening | C3: 3.8 | E3: 0 | F3: 3 | G3: 4 | J3: =SUM(C3:I3) -> 10.8
A4: 45963 | B4: Morning | C4: 3.3 | E4: 0 | F4: 3 | G4: 4.4 | J4: =SUM(C4:I4) -> 10.7 | K4: =J4+J5 -> 16.7
B5: Evening | C5: 0.5 | E5: 0.5 | F5: 2.5 | G5: 2.5 | J5: =SUM(C5:I5) -> 6
A6: 45964 | B6: Morning | C6: 3.3 | E6: 0 | F6: 3.5 | G6: 4.5 | J6: =SUM(C6:I6) -> 11.3 | K6: =J6+J7 -> 19.3
B7: Evening | C7: 3 | E7: 0.5 | F7: 1.5 | G7: 3 | J7: =SUM(C7:I7) -> 8
A8: 45965 | B8: Morning | C8: 2 | E8: 0 | F8: 0 | G8: 4 | J8: =SUM(C8:I8) -> 6 | K8: =J8+J9 -> 14.8
B9: Evening | C9: 2.5 | E9: 0 | F9: 2 | G9: 4.3 | J9: =SUM(C9:I9) -> 8.8
A10: 45966 | B10: Morning | C10: 3 | E10: 1 | F10: 4 | G10: 5 | J10: =SUM(C10:I10) -> 13 | K10: =J10+J11 -> 24
B11: Evening | C11: 2.5 | E11: 1.5 | F11: 3 | G11: 4 | J11: =SUM(C11:I11) -> 11
A12: 45967 | B12: Morning | C12: 3.5 | E12: 0.5 | F12: 4.5 | G12: 4.5 | J12: =SUM(C12:I12) -> 13 | K12: =J12+J13 -> 22.5
B13: Evening | C13: 2.5 | E13: 0 | F13: 3 | G13: 4 | J13: =SUM(C13:I13) -> 9.5
A14: 45968 | B14: Morning | C14: 0 | E14: 0 | F14: 4.5 | G14: 4.5 | J14: =SUM(C14:I14) -> 9 | K14: =J14+J15 -> 17.9
B15: Evening | C15: 3 | F15: 2.2 | G15: 3.7 | J15: =SUM(C15:I15) -> 8.9
A16: 45969 | B16: Morning | C16: 0 | F16: 3.3 | G16: 5 | J16: =SUM(C16:I16) -> 8.3 | K16: =J16+J17 -> 14.3
B17: Evening | F17: 2 | G17: 4 | J17: =SUM(C17:I17) -> 6
A18: 45970 | B18: Morning | C18: 3.7 | F18: 3.2 | G18: 4.5 | J18: =SUM(C18:I18) -> 11.4 | K18: =J18+J19 -> 19.2
B19: Evening | F19: 3.3 | G19: 4.5 | J19: =SUM(C19:I19) -> 7.8
A20: 45971 | B20: Morning | C20: 3.5 | F20: 3.5 | G20: 4.8 | J20: =SUM(C20:I20) -> 11.8 | K20: =J20+J21 -> 18.1
B21: Evening | F21: 3.5 | G21: 2.8 | J21: =SUM(C21:I21) -> 6.3
A22: 45972 | B22: Morning | C22: 3 | F22: 3.5 | G22: 1.5 | J22: =SUM(C22:I22) -> 8 | K22: =J22+J23 -> 16
B23: Evening | C23: 1.5 | F23: 3 | G23: 3.5 | J23: =SUM(C23:I23) -> 8
A24: 45973 | B24: Morning | C24: 2.5 | F24: 3.5 | G24: 4.7 | J24: =SUM(C24:I24) -> 10.7 | K24: =J24+J25 -> 17.4
B25: Evening | F25: 3.3 | G25: 3.4 | J25: =SUM(C25:I25) -> 6.7
A26: 45974 | B26: Morning | C26: 3.7 | F26: 3.9 | G26: 5 | J26: =SUM(C26:I26) -> 12.6 | K26: =J26+J27 -> 20.1
B27: Evening | F27: 3.5 | G27: 4 | J27: =SUM(C27:I27) -> 7.5
A28: 45975 | B28: Morning | C28: 3.5 | F28: 3.5 | G28: 5.5 | J28: =SUM(C28:I28) -> 12.5 | K28: =J28+J29 -> 20
B29: Evening | F29: 2.5 | G29: 5 | J29: =SUM(C29:I29) -> 7.5
A30: 45976 | B30: Morning | F30: 2.5 | G30: 5 | J30: =SUM(C30:I30) -> 7.5 | K30: =J30+J31 -> 20.5
B31: Evening | C31: 3 | F31: 2 | G31: 4.5 | H31: 3.5 | J31: =SUM(C31:I31) -> 13
A32: 45977 | B32: Morning | C32: 3 | F32: 3 | G32: 4.5 | H32: 3.5 | J32: =SUM(C32:I32) -> 14 | K32: =J32+J33 -> 24.5
B33: Evening | F33: 3 | G33: 4 | H33: 3.5 | J33: =SUM(C33:I33) -> 10.5
A34: 45978 | B34: Morning | C34: 2 | F34: 3 | G34: 4.5 | H34: 3.5 | J34: =SUM(C34:I34) -> 13 | K34: =J34+J35 -> 23.3
B35: Evening | F35: 2.5 | G35: 4.3 | H35: 3.5 | J35: =SUM(C35:I35) -> 10.3
A36: 45979 | B36: Morning | F36: 3 | G36: 4 | H36: 3.5 | J36: =SUM(C36:I36) -> 10.5 | K36: =J36+J37 -> 20.7
B37: Evening | F37: 3 | G37: 3.7 | H37: 3.5 | J37: =SUM(C37:I37) -> 10.2
A38: 45980 | B38: Morning | C38: 2.5 | F38: 3.5 | G38: 3.7 | H38: 4 | J38: =SUM(C38:I38) -> 13.7 | K38: =J38+J39 -> 22.6
B39: Evening | F39: 2.4 | G39: 3.5 | H39: 3 | J39: =SUM(C39:I39) -> 8.9
A40: 45981 | B40: Morning | C40: 2.5 | F40: 3.5 | G40: 4.8 | H40: 3.5 | J40: =SUM(C40:I40) -> 14.3 | K40: =J40+J41 -> 24.8
B41: Evening | F41: 3.8 | G41: 3.9 | H41: 2.8 | J41: =SUM(C41:I41) -> 10.5
A42: 45982 | B42: Morning | C42: 1.5 | F42: 2.7 | G42: 4.7 | H42: 4.5 | J42: =SUM(C42:I42) -> 13.4 | K42: =J42+J43 -> 20.6
B43: Evening | F43: 2.7 | G43: 3 | H43: 1.5 | J43: =SUM(C43:I43) -> 7.2
A44: 45983 | B44: Morning | C44: 3.5 | F44: 2.2 | G44: 4.5 | H44: 2.5 | J44: =SUM(C44:I44) -> 12.7 | K44: =J44+J45 -> 20.7
B45: Evening | F45: 2 | G45: 3 | H45: 3 | J45: =SUM(C45:I45) -> 8
A46: 45984 | B46: Morning | C46: 2.7 | F46: 3 | G46: 4.8 | H46: 3.7 | J46: =SUM(C46:I46) -> 14.2 | K46: =J46+J47 -> 21.7
B47: Evening | F47: 2.5 | G47: 3 | H47: 2 | J47: =SUM(C47:I47) -> 7.5
A48: 45985 | B48: Morning | C48: 2.5 | F48: 3.5 | G48: 5 | H48: 3 | J48: =SUM(C48:I48) -> 14 | K48: =J48+J49 -> 22.5
B49: Evening | F49: 2 | G49: 4 | H49: 2.5 | J49: =SUM(C49:I49) -> 8.5
A50: 45986 | B50: Morning | C50: 2.5 | F50: 2.5 | G50: 4 | H50: 1.5 | J50: =SUM(C50:I50) -> 10.5 | K50: =J50+J51 -> 17.9
B51: Evening | F51: 2.4 | G51: 3.5 | H51: 1.5 | J51: =SUM(C51:I51) -> 7.4
A52: 45987 | B52: Morning | C52: 3.4 | F52: 2.5 | G52: 3.5 | H52: 1.8 | J52: =SUM(C52:I52) -> 11.2 | K52: =J53+J52 -> 17.5
B53: Evening | F53: 1.8 | G53: 3 | H53: 1.5 | J53: =SUM(C53:I53) -> 6.3
A54: 45988 | B54: Morning | C54: 2.5 | F54: 3 | G54: 4 | H54: 2 | J54: =SUM(C54:I54) -> 11.5 | K54: =J54+J55 -> 11.5
B55: Evening | J55: =SUM(C55:I55) -> 0
A56: 45989 | B56: Morning | C56: 2.5 | F56: 2.5 | G56: 3.8 | H56: 3 | J56: =SUM(C56:I56) -> 11.8 | K56: =J56+J57 -> 24.1
B57: Evening | F57: 0 | G57: 3.5 | H57: 0.8 | I57: 8 | J57: =SUM(C57:I57) -> 12.3
A58: 45990 | B58: Morning | F58: 4 | G58: 4.5 | H58: 3 | I58: 4 | J58: =SUM(C58:I58) -> 15.5 | K58: =J58+J59 -> 23.2
B59: Evening | F59: 1.5 | G59: 3 | H59: 0.7 | I59: 2.5 | J59: =SUM(C59:I59) -> 7.7
A60: 45991 | B60: Morning | C60: 2.2 | F60: 2.3 | G60: 3.7 | H60: 1.6 | I60: 2.3 | J60: =SUM(C60:I60) -> 12.1 | K60: =J60+J61 -> 25.1
B61: Evening | F61: 2.5 | G61: 4 | H61: 3.5 | I61: 3 | J61: =SUM(C61:I61) -> 13
B62: Morning | J62: =SUM(C62:I62) -> 0 | K62: =J62+J63 -> 0
B63: Evening | J63: =SUM(C63:I63) -> 0

Sheet November Summary
A1: Cow Name | B1: Total Milk (Litres)
A2: Total | B2: =Sum(B3:B12) -> 602.2
A4: Shobha | B4: =sum(' November '!C2:C63) -> 92.6
A5: Devaki | B5: =sum(' November '!D2:D62) -> 0
A6: Sita | B6: =sum(' November '!E2:E63) -> 4
A7: Lakshmi | B7: =sum(' November '!F2:F63) -> 166.5
A8: Mruga | B8: =sum(' November '!G2:G63) -> 237.9
A9: Radha | B9: =sum(' November '!H2:H63) -> 81.4
A10: Pushpa | B10: =sum(' November '!I3:I64) -> 19.8

Sheet December
A1: Date | B1: Milking | C1: Shobha | D1: Devaki | E1: Sita | F1: Lakshmi | G1: Mruga | H1: Radha | I1: Shravani | J1: Total (Litres) | K1: Daily total (Litres) | M1: Transfer to milk sale | N1: Transfer to ghee | O1: Balance milk
A2: 45992 | B2: Morning | C2: 1.5 | F2: 3 | G2: 3.8 | H2: 3 | I2: 3 | J2: =SUM(C2:I2) -> 14.3 | K2: =J2+J3 -> 24.6 | O2: =J2-M2-N2 -> 14.3
B3: Evening | F3: 3 | G3: 3.8 | H3: 1.5 | I3: 2 | J3: =SUM(C3:I3) -> 10.3 | M3: 0 | O3: =J3-M3-N3 -> 10.3
A4: 45993 | B4: Morning | C4: 1.5 | F4: 3.4 | G4: 3.7 | H4: 4.4 | I4: 3.3 | J4: =SUM(C4:I4) -> 16.3 | K4: =J4+J5 -> 26.7 | O4: =J4-M4-N4 -> 16.3
B5: Evening | F5: 3 | G5: 4 | H5: 1.4 | I5: 2 | J5: =SUM(C5:I5) -> 10.4 | O5: =J5-M5-N5 -> 10.4
A6: 45994 | B6: Morning | C6: 2 | F6: 3.3 | G6: 4 | H6: 5 | I6: 4.5 | J6: =SUM(C6:I6) -> 18.8 | K6: =J6+J7 -> 27.8 | O6: =J6-M6-N6 -> 18.8
B7: Evening | F7: 2 | G7: 3.5 | H7: 1 | I7: 2.5 | J7: =SUM(C7:I7) -> 9 | O7: =J7-M7-N7 -> 9
A8: 45995 | B8: Morning | C8: 2 | F8: 2 | G8: 4 | H8: 2 | I8: 3 | J8: =SUM(C8:I8) -> 13 | K8: =J8+J9 -> 23.7 | O8: =J8-M8-N8 -> 13
B9: Evening | F9: 1.8 | G9: 3.4 | H9: 2.5 | I9: 3 | J9: =SUM(C9:I9) -> 10.7 | O9: =J9-M9-N9 -> 10.7
A10: 45996 | B10: Morning | C10: 2 | F10: 2.5 | G10: 3.7 | H10: 1.8 | I10: 4 | J10: =SUM(C10:I10) -> 14 | K10: =J10+J11 -> 23.2 | O10: =J10-M10-N10 -> 14
B11: Evening | F11: 2 | G11: 2.7 | H11: 2 | I11: 2.5 | J11: =SUM(C11:I11) -> 9.2 | O11: =J11-M11-N11 -> 9.2
A12: 45997 | B12: Morning | C12: 2 | F12: 2.5 | G12: 3.7 | H12: 2 | I12: 4 | J12: =SUM(C12:I12) -> 14.2 | K12: =J12+J13 -> 22.8 | O12: =J12-M12-N12 -> 14.2
B13: Evening | F13: 1.5 | G13: 2.6 | H13: 2 | I13: 2.5 | J13: =SUM(C13:I13) -> 8.6 | O13: =J13-M13-N13 -> 8.6
A14: 45998 | B14: Morning | C14: 1.8 | F14: 2.5 | G14: 3.5 | H14: 2 | I14: 3.5 | J14: =SUM(C14:I14) -> 13.3 | K14: =J14+J15 -> 22.8 | O14: =J14-M14-N14 -> 13.3
B15: Evening | F15: 2.3 | G15: 3.7 | I15: 3.5 | J15: =SUM(C15:I15) -> 9.5 | O15: =J15-M15-N15 -> 9.5
A16: 45999 | B16: Morning | C16: 2 | F16: 3 | G16: 3.5 | H16: 3.5 | I16: 4 | J16: =SUM(C16:I16) -> 16 | K16: =J16+J17 -> 26.4 | O16: =J16-M16-N16 -> 16
B17: Evening | F17: 2.2 | G17: 3.2 | H17: 1.5 | I17: 3.5 | J17: =SUM(C17:I17) -> 10.4 | O17: =J17-M17-N17 -> 10.4
A18: 46000 | B18: Morning | C18: 1.5 | F18: 2.5 | G18: 4 | H18: 2 | I18: 4 | J18: =SUM(C18:I18) -> 14 | K18: =J18+J19 -> 23.2 | O18: =J18-M18-N18 -> 14
B19: Evening | F19: 2.3 | G19: 3.4 | I19: 3.5 | J19: =SUM(C19:I19) -> 9.2 | O19: =J19-M19-N19 -> 9.2
A20: 46001 | B20: Morning | C20: 1.5 | F20: 2.6 | G20: 3.3 | H20: 3 | I20: 4.5 | J20: =SUM(C20:I20) -> 14.9 | K20: =J20+J21 -> 24.2 | O20: =J20-M20-N20 -> 14.9
B21: Evening | F21: 2.3 | G21: 3.5 | H21: 1.5 | I21: 2 | J21: =SUM(C21:I21) -> 9.3 | O21: =J21-M21-N21 -> 9.3
A22: 46002 | B22: Morning | C22: 1.5 | F22: 3 | G22: 3.5 | H22: 3.5 | I22: 4 | J22: =SUM(C22:I22) -> 15.5 | K22: =J22+J23 -> 23.2 | O22: =J22-M22-N22 -> 15.5
B23: Evening | F23: 1.5 | G23: 2.5 | H23: 0.7 | I23: 3 | J23: =SUM(C23:I23) -> 7.7 | O23: =J23-M23-N23 -> 7.7
A24: 46003 | B24: Morning | C24: 1.5 | F24: 3 | G24: 2.8 | H24: 2.7 | I24: 3.5 | J24: =SUM(C24:I24) -> 13.5 | K24: =J24+J25 -> 24.4 | O24: =J24-M24-N24 -> 13.5
B25: Evening | F25: 2.5 | G25: 3.4 | H25: 2.5 | I25: 2.5 | J25: =SUM(C25:I25) -> 10.9 | O25: =J25-M25-N25 -> 10.9
A26: 46004 | B26: Morning | F26: 2 | G26: 2.6 | H26: 1 | I26: 3 | J26: =SUM(C26:I26) -> 8.6 | K26: =J26+J27 -> 17 | O26: =J26-M26-N26 -> 8.6
B27: Evening | F27: 2 | G27: 2.9 | H27: 0.5 | I27: 3 | J27: =SUM(C27:I27) -> 8.4 | O27: =J27-M27-N27 -> 8.4
A28: 46005 | B28: Morning | C28: 2.1 | F28: 2.1 | G28: 3 | H28: 3.1 | I28: 3.5 | J28: =SUM(C28:I28) -> 13.8 | K28: =J28+J29 -> 22.3 | O28: =J28-M28-N28 -> 13.8
B29: Evening | F29: 2 | G29: 2.5 | H29: 1.5 | I29: 2.5 | J29: =SUM(C29:I29) -> 8.5 | O29: =J29-M29-N29 -> 8.5
A30: 46006 | B30: Morning | C30: 1.5 | F30: 2.5 | G30: 3.5 | H30: 2.2 | I30: 3.5 | J30: =SUM(C30:I30) -> 13.2 | K30: =J30+J31 -> 23.2 | O30: =J30-M30-N30 -> 13.2
B31: Evening | F31: 2.5 | G31: 3 | H31: 2 | I31: 2.5 | J31: =SUM(C31:I31) -> 10 | O31: =J31-M31-N31 -> 10
A32: 46007 | B32: Morning | C32: 1.5 | F32: 2.5 | G32: 3.7 | H32: 1.5 | I32: 4 | J32: =SUM(C32:I32) -> 13.2 | K32: =J32+J33 -> 25.2 | M32: 7 | O32: =J32-M32-N32 -> 6.2
B33: Evening | F33: 1.8 | G33: 3 | H33: 4.5 | I33: 2.7 | J33: =SUM(C33:I33) -> 12 | O33: =J33-M33-N33 -> 12
A34: 46008 | B34: Morning | C34: 1.5 | F34: 2.5 | G34: 2.7 | H34: 1.5 | I34: 3.5 | J34: =SUM(C34:I34) -> 11.7 | K34: =J34+J35 -> 22 | O34: =J34-M34-N34 -> 11.7
B35: Evening | F35: 2.5 | G35: 3.8 | H35: 1.5 | I35: 2.5 | J35: =SUM(C35:I35) -> 10.3 | O35: =J35-M35-N35 -> 10.3
A36: 46009 | B36: Morning | C36: 1.7 | F36: 3 | G36: 3.5 | H36: 3 | I36: 4 | J36: =SUM(C36:I36) -> 15.2 | K36: =J36+J37 -> 25.1 | O36: =J36-M36-N36 -> 15.2
B37: Evening | F37: 3 | G37: 3.4 | H37: 2 | I37: 1.5 | J37: =SUM(C37:I37) -> 9.9 | O37: =J37-M37-N37 -> 9.9
A38: 46010 | B38: Morning | C38: 1.5 | F38: 2.6 | G38: 4 | H38: 4 | I38: 4 | J38: =SUM(C38:I38) -> 16.1 | K38: =J38+J39 -> 24.8 | O38: =J38-M38-N38 -> 16.1
B39: Evening | F39: 1.5 | G39: 2.7 | H39: 1.5 | I39: 3 | J39: =SUM(C39:I39) -> 8.7 | O39: =J39-M39-N39 -> 8.7
A40: 46011 | B40: Morning | C40: 1.5 | F40: 3 | G40: 4 | H40: 2 | I40: 2.5 | J40: =SUM(C40:I40) -> 13 | K40: =J40+J41 -> 20 | O40: =J40-M40-N40 -> 13
B41: Evening | F41: 2 | G41: 3 | H41: 0.5 | I41: 1.5 | J41: =SUM(C41:I41) -> 7
A42: 46012 | B42: Morning | C42: 1.5 | F42: 3.5 | G42: 3 | H42: 3 | I42: 3.8 | J42: =SUM(C42:I42) -> 14.8 | K42: =J42+J43 -> 23.7
B43: Evening | F43: 2.2 | G43: 2.7 | H43: 1 | I43: 3 | J43: =SUM(C43:I43) -> 8.9
A44: 46013 | B44: Morning | C44: 1.5 | F44: 3.5 | G44: 4 | H44: 1.5 | I44: 3.5 | J44: =SUM(C44:I44) -> 14 | K44: =J44+J45 -> 23.2
B45: Evening | F45: 2.5 | G45: 2.7 | H45: 1 | I45: 3 | J45: =SUM(C45:I45) -> 9.2
A46: 46014 | B46: Morning | C46: 1.5 | F46: 3 | G46: 4 | H46: 1.5 | I46: 4 | J46: =SUM(C46:I46) -> 14 | K46: =J46+J47 -> 23.2
B47: Evening | F47: 2.2 | G47: 3.5 | I47: 3.5 | J47: =SUM(C47:I47) -> 9.2
A48: 46015 | B48: Morning | C48: 1 | F48: 4.5 | G48: 4.3 | H48: 3 | I48: 4 | J48: =SUM(C48:I48) -> 16.8 | K48: =J48+J49 -> 26.8
B49: Evening | F49: 2.5 | G49: 4 | I49: 3.5 | J49: =SUM(C49:I49) -> 10
A50: 46016 | B50: Morning | C50: 1.5 | F50: 5 | G50: 4.8 | H50: 3 | I50: 4 | J50: =SUM(C50:I50) -> 18.3 | K50: =J50+J51 -> 29
B51: Evening | F51: 3.4 | G51: 3.5 | H51: 1 | I51: 2.8 | J51: =SUM(C51:I51) -> 10.7
A52: 46017 | B52: Morning | C52: 1 | F52: 3.5 | G52: 4.5 | H52: 2.5 | I52: 2.8 | J52: =SUM(C52:I52) -> 14.3 | K52: =J52+J53 -> 22.3
B53: Evening | F53: 2.5 | G53: 3.5 | I53: 2 | J53: =SUM(C53:I53) -> 8
A54: 46018 | B54: Morning | C54: 1.5 | F54: 4.4 | G54: 5 | H54: 2.8 | I54: 3 | J54: =SUM(C54:I54) -> 16.7 | K54: =J54+J55 -> 28.2
B55: Evening | F55: 3 | G55: 5.5 | H55: 0.5 | I55: 2.5 | J55: =SUM(C55:I55) -> 11.5
A56: 46019 | B56: Morning | C56: 1.5 | F56: 4.5 | G56: 5 | H56: 1.3 | I56: 3 | J56: =SUM(C56:I56) -> 15.3 | K56: =J56+J57 -> 25.3
B57: Evening | F57: 3 | G57: 3.5 | H57: 1 | I57: 2.5 | J57: =SUM(C57:I57) -> 10
A58: 46020 | B58: Morning | C58: 1 | F58: 4 | G58: 4 | H58: 2 | I58: 3.5 | J58: =SUM(C58:I58) -> 14.5 | K58: =J58+J59 -> 24
B59: Evening | F59: 3 | G59: 4 | I59: 2.5 | J59: =SUM(C59:I59) -> 9.5
A60: 46021 | B60: Morning | F60: 4.5 | G60: 3 | H60: 1 | I60: 3.4 | J60: =SUM(C60:I60) -> 11.9 | K60: =J60+J61 -> 20.9
B61: Evening | F61: 3 | G61: 3 | I61: 3 | J61: =SUM(C61:I61) -> 9
A62: 46022 | B62: Morning | F62: 4.8 | G62: 4.8 | H62: 4.5 | I62: 3 | J62: =SUM(C62:I62) -> 17.1 | K62: =J62+J63 -> 27.1
B63: Evening | F63: 3.5 | G63: 3.5 | I63: 3 | J63: =SUM(C63:I63) -> 10

Sheet December Summary
A1: Cow Name | B1: Total Milk (Litres)
A2: Total | B2: =Sum(B3:B12) -> 746.3
A4: Shobha | B4: =sum(December!C2:C63) -> 44.1
A5: Devaki | B5: =sum(December!D2:D63) -> 0
A6: Sita | B6: =sum(December!E2:E63) -> 0
A7: Lakshmi | B7: =sum(December!F2:F63) -> 173.2
A8: Mruga | B8: =sum(December!G2:G63) -> 220.3
A9: Radha | B9: =sum(December!H2:H63) -> 114.4
A10: Shravani | B10: =sum(December!I2:I64) -> 194.3

Sheet January 2026
A1: Date | B1: Milking | C1: Shobha | D1: Devaki | E1: Sita | F1: Lakshmi | G1: Mruga | H1: Radha | I1: Shravani | J1: Total (Litres) | K1: Daily total (Litres) | M1: Transfer to milk sale | N1: Transfer to ghee | O1: Balance milk
A2: 45992 | B2: Morning | C2: 1.5 | F2: 3.5 | G2: 5.5 | H2: 4.5 | I2: 3.5 | J2: =SUM(C2:I2) -> 18.5 | K2: =J2+J3 -> 26.5 | O2: =J2-M2-N2 -> 18.5
B3: Evening | F3: 2.5 | G3: 2.5 | I3: 3 | J3: =SUM(C3:I3) -> 8 | M3: 0 | O3: =J3-M3-N3 -> 8
A4: 45993 | B4: Morning | C4: 1.5 | F4: 4.5 | G4: 5.3 | H4: 4 | I4: 4 | J4: =SUM(C4:I4) -> 19.3 | K4: =J4+J5 -> 28.6 | O4: =J4-M4-N4 -> 19.3
B5: Evening | F5: 2.3 | G5: 4 | I5: 3 | J5: =SUM(C5:I5) -> 9.3 | O5: =J5-M5-N5 -> 9.3
A6: 45994 | B6: Morning | C6: 1.5 | F6: 4.5 | G6: 4.5 | H6: 4.4 | I6: 4 | J6: =SUM(C6:I6) -> 18.9 | K6: =J6+J7 -> 33.6 | O6: =J6-M6-N6 -> 18.9
B7: Evening | F7: 2.5 | G7: 4 | H7: 5.2 | I7: 3 | J7: =SUM(C7:I7) -> 14.7 | O7: =J7-M7-N7 -> 14.7
A8: 45995 | B8: Morning | C8: 1.5 | F8: 4.5 | G8: 4.2 | H8: 4.4 | I8: 4 | J8: =SUM(C8:I8) -> 18.6 | K8: =J8+J9 -> 29.5 | O8: =J8-M8-N8 -> 18.6
B9: Evening | F9: 3.2 | G9: 4.5 | I9: 3.2 | J9: =SUM(C9:I9) -> 10.9 | O9: =J9-M9-N9 -> 10.9
A10: 45996 | B10: Morning | C10: 1.5 | F10: 4 | G10: 4.6 | H10: 6 | I10: 4.5 | J10: =SUM(C10:I10) -> 20.6 | K10: =J10+J11 -> 31.7 | O10: =J10-M10-N10 -> 20.6
B11: Evening | F11: 3.8 | G11: 3.5 | I11: 3.8 | J11: =SUM(C11:I11) -> 11.1 | O11: =J11-M11-N11 -> 11.1
A12: 45997 | B12: Morning | F12: 4.5 | G12: 4.5 | H12: 3.9 | I12: 4 | J12: =SUM(C12:I12) -> 16.9 | K12: =J12+J13 -> 25.4 | O12: =J12-M12-N12 -> 16.9
B13: Evening | F13: 3.5 | G13: 1 | I13: 4 | J13: =SUM(C13:I13) -> 8.5 | O13: =J13-M13-N13 -> 8.5
A14: 45998 | B14: Morning | C14: 2 | F14: 4 | G14: 4.5 | H14: 5.5 | I14: 4 | J14: =SUM(C14:I14) -> 20 | K14: =J14+J15 -> 31 | O14: =J14-M14-N14 -> 20
B15: Evening | F15: 3 | G15: 4 | I15: 4 | J15: =SUM(C15:I15) -> 11 | O15: =J15-M15-N15 -> 11
A16: 45999 | B16: Morning | C16: 0.5 | F16: 4 | G16: 5 | H16: 4 | I16: 4 | J16: =SUM(C16:I16) -> 17.5 | K16: =J16+J17 -> 31 | O16: =J16-M16-N16 -> 17.5
B17: Evening | F17: 4 | G17: 4 | H17: 1.5 | I17: 4 | J17: =SUM(C17:I17) -> 13.5 | O17: =J17-M17-N17 -> 13.5
A18: 46000 | B18: Morning | C18: 1 | F18: 4 | G18: 5 | H18: 5 | I18: 4 | J18: =SUM(C18:I18) -> 19 | K18: =J18+J19 -> 31 | O18: =J18-M18-N18 -> 19
B19: Evening | F19: 4.5 | G19: 4.5 | H19: 1 | I19: 2 | J19: =SUM(C19:I19) -> 12 | O19: =J19-M19-N19 -> 12
A20: 46001 | B20: Morning | C20: 1.4 | F20: 4 | G20: 5.8 | H20: 3.5 | I20: 6.5 | J20: =SUM(C20:I20) -> 21.2 | K20: =J20+J21 -> 32.7 | O20: =J20-M20-N20 -> 21.2
B21: Evening | F21: 3.5 | G21: 4 | I21: 4 | J21: =SUM(C21:I21) -> 11.5 | O21: =J21-M21-N21 -> 11.5
A22: 46002 | B22: Morning | C22: 2 | F22: 4 | G22: 4.5 | H22: 5.5 | I22: 4 | J22: =SUM(C22:I22) -> 20 | K22: =J22+J23 -> 32 | O22: =J22-M22-N22 -> 20
B23: Evening | F23: 3.5 | G23: 5 | I23: 3.5 | J23: =SUM(C23:I23) -> 12 | O23: =J23-M23-N23 -> 12
A24: 46003 | B24: Morning | C24: 1.2 | F24: 4.5 | G24: 4.8 | H24: 5 | I24: 5 | J24: =SUM(C24:I24) -> 20.5 | K24: =J24+J25 -> 34 | O24: =J24-M24-N24 -> 20.5
B25: Evening | F25: 3.5 | G25: 5 | I25: 5 | J25: =SUM(C25:I25) -> 13.5 | O25: =J25-M25-N25 -> 13.5
A26: 46004 | B26: Morning | C26: 1 | F26: 4.9 | G26: 4 | H26: 4.5 | I26: 6 | J26: =SUM(C26:I26) -> 20.4 | K26: =J26+J27 -> 39.6 | O26: =J26-M26-N26 -> 20.4
B27: Evening | F27: 4.2 | G27: 5 | H27: 5.2 | I27: 4.8 | J27: =SUM(C27:I27) -> 19.2 | O27: =J27-M27-N27 -> 19.2
A28: 46005 | B28: Morning | F28: 5 | G28: 5 | H28: 3.5 | I28: 5 | J28: =SUM(C28:I28) -> 18.5 | K28: =J28+J29 -> 34.7 | O28: =J28-M28-N28 -> 18.5
B29: Evening | F29: 4.5 | G29: 4.5 | H29: 2.2 | I29: 5 | J29: =SUM(C29:I29) -> 16.2 | O29: =J29-M29-N29 -> 16.2
A30: 46006 | B30: Morning | F30: 5 | G30: 5 | H30: 5 | I30: 5.4 | J30: =SUM(C30:I30) -> 20.4 | K30: =J30+J31 -> 35.1 | O30: =J30-M30-N30 -> 20.4
B31: Evening | F31: 4.5 | G31: 5.2 | H31: 2 | I31: 3 | J31: =SUM(C31:I31) -> 14.7 | O31: =J31-M31-N31 -> 14.7
A32: 46007 | B32: Morning | F32: 5.5 | G32: 4.8 | H32: 6 | I32: 4.5 | J32: =SUM(C32:I32) -> 20.8 | K32: =J32+J33 -> 34.3 | O32: =J32-M32-N32 -> 20.8
B33: Evening | F33: 5 | G33: 5 | I33: 3.5 | J33: =SUM(C33:I33) -> 13.5 | O33: =J33-M33-N33 -> 13.5
A34: 46008 | B34: Morning | F34: 5 | G34: 5 | H34: 7 | I34: 6 | J34: =SUM(C34:I34) -> 23 | K34: =J34+J35 -> 37 | O34: =J34-M34-N34 -> 23
B35: Evening | F35: 5 | G35: 4.5 | H35: 3.5 | I35: 1 | J35: =SUM(C35:I35) -> 14 | O35: =J35-M35-N35 -> 14
A36: 46009 | B36: Morning | F36: 5 | G36: 5 | H36: 5 | I36: 5.8 | J36: =SUM(C36:I36) -> 20.8 | K36: =J36+J37 -> 33.3 | O36: =J36-M36-N36 -> 20.8
B37: Evening | F37: 5 | G37: 4.5 | I37: 3 | J37: =SUM(C37:I37) -> 12.5 | O37: =J37-M37-N37 -> 12.5
A38: 46010 | B38: Morning | F38: 5 | G38: 4.5 | H38: 6.5 | I38: 3.5 | J38: =SUM(C38:I38) -> 19.5 | K38: =J38+J39 -> 31.7 | O38: =J38-M38-N38 -> 19.5
B39: Evening | F39: 5 | G39: 4.5 | I39: 2.7 | J39: =SUM(C39:I39) -> 12.2 | O39: =J39-M39-N39 -> 12.2
A40: 46011 | B40: Morning | F40: 5 | G40: 4.5 | H40: 8 | I40: 4 | J40: =SUM(C40:I40) -> 21.5 | K40: =J40+J41 -> 35.5 | O40: =J40-M40-N40 -> 21.5
B41: Evening | F41: 5 | G41: 4.5 | H41: 1 | I41: 3.5 | J41: =SUM(C41:I41) -> 14
A42: 46012 | B42: Morning | F42: 5 | G42: 4.8 | H42: 6 | I42: 3.5 | J42: =SUM(C42:I42) -> 19.3 | K42: =J42+J43 -> 33.3
B43: Evening | F43: 5 | G43: 5.5 | I43: 3.5 | J43: =SUM(C43:I43) -> 14
A44: 46013 | B44: Morning | F44: 5.5 | G44: 5.5 | H44: 5 | I44: 3 | J44: =SUM(C44:I44) -> 19 | K44: =J44+J45 -> 34.7
B45: Evening | F45: 5.5 | G45: 5 | H45: 2 | I45: 3.2 | J45: =SUM(C45:I45) -> 15.7
A46: 46014 | B46: Morning | F46: 5.8 | G46: 4.5 | H46: 5 | I46: 3 | J46: =SUM(C46:I46) -> 18.3 | K46: =J46+J47 -> 36.8
B47: Evening | F47: 5.5 | G47: 5 | H47: 5 | I47: 3 | J47: =SUM(C47:I47) -> 18.5
A48: 46015 | B48: Morning | F48: 4.5 | G48: 5 | H48: 1.5 | I48: 3 | J48: =SUM(C48:I48) -> 14 | K48: =J48+J49 -> 35
B49: Evening | F49: 5 | G49: 5 | H49: 6.5 | I49: 4.5 | J49: =SUM(C49:I49) -> 21
A50: 46016 | B50: Morning | F50: 4.9 | G50: 5 | H50: 6 | I50: 4 | J50: =SUM(C50:I50) -> 19.9 | K50: =J50+J51 -> 32.9
B51: Evening | F51: 5 | G51: 5.5 | H51: 1 | I51: 1.5 | J51: =SUM(C51:I51) -> 13
A52: 46017 | B52: Morning | F52: 5 | G52: 5 | H52: 4.5 | I52: 5.5 | J52: =SUM(C52:I52) -> 20 | K52: =J52+J53 -> 33.5
B53: Evening | F53: 5 | G53: 5 | H53: 2 | I53: 1.5 | J53: =SUM(C53:I53) -> 13.5
A54: 46018 | B54: Morning | F54: 5 | G54: 5.5 | H54: 7 | I54: 5 | J54: =SUM(C54:I54) -> 22.5 | K54: =J54+J55 -> 34.5
B55: Evening | F55: 4 | G55: 5 | H55: 1 | I55: 2 | J55: =SUM(C55:I55) -> 12
A56: 46019 | B56: Morning | F56: 3.5 | G56: 5.5 | H56: 7.5 | I56: 4 | J56: =SUM(C56:I56) -> 20.5 | K56: =J56+J57 -> 33
B57: Evening | F57: 4 | G57: 5 | I57: 3.5 | J57: =SUM(C57:I57) -> 12.5
A58: 46020 | B58: Morning | F58: 4 | G58: 4.5 | H58: 4.7 | I58: 4 | J58: =SUM(C58:I58) -> 17.2 | K58: =J58+J59 -> 30.1
B59: Evening | F59: 3.7 | G59: 4.2 | H59: 4 | I59: 1 | J59: =SUM(C59:I59) -> 12.9
A60: 46021 | B60: Morning | F60: 4.5 | G60: 4.5 | H60: 4.5 | I60: 5.5 | J60: =SUM(C60:I60) -> 19 | K60: =J60+J61 -> 32
B61: Evening | F61: 4.5 | G61: 5 | H61: 2 | I61: 1.5 | J61: =SUM(C61:I61) -> 13
A62: 46022 | B62: Morning | F62: 4.5 | G62: 5.5 | H62: 5.5 | I62: 4.5 | J62: =SUM(C62:I62) -> 20 | K62: =J62+J63 -> 33
B63: Evening | F63: 4.5 | G63: 4.5 | H63: 3 | I63: 1 | J63: =Sum(C63:I63) -> 13

Sheet January 26 Summary
A1: Cow Name | B1: Total Milk (Litres)
A2: Total | B2: =Sum(B3:B12) -> 1017
A4: Shobha | B4: =sum('January 2026'!C2:C63) -> 16.6
A5: Devaki | B5: =sum('January 2026'!D2:D63) -> 0
A6: Sita | B6: =sum('January 2026'!E2:E63) -> 0
A7: Lakshmi | B7: =sum('January 2026'!F2:F63) -> 272.3
A8: Mruga | B8: =sum('January 2026'!G2:G63) -> 289.7
A9: Radha | B9: =sum('January 2026'!H2:H63) -> 206.5
A10: Shravani | B10: =sum('January 2026'!I2:I63) -> 231.9

Sheet Feb 26 Summary
A1: Cow Name | B1: Total Milk (Litres)
A2: Total | B2: =Sum(B3:B13) -> 1032.3
A4: Shobha | B4: =sum('Feb 2026'!C2:C63) -> 0
A5: Devaki | B5: =sum('Feb 2026'!D2:D63) -> 0
A6: Sita | B6: =sum('Feb 2026'!E2:E63) -> 0
A7: Lakshmi | B7: =sum('Feb 2026'!F2:F63) -> 251
A8: Mruga | B8: =sum('Feb 2026'!G2:G63) -> 262.1
A9: Radha | B9: =sum('Feb 2026'!H2:H63) -> 183.6
A10: Shravani | B10: =sum('Feb 2026'!I2:I63) -> 18.7
A11: Uma | B11: =sum('Feb 2026'!J2:J63) -> 98.5
A12: Parvati | B12: =sum('Feb 2026'!K2:K63) -> 98.4
A13: Durga | B13: =sum('Feb 2026'!L2:L63) -> 120

Sheet Feb 2026
A1: Datemm- | B1: Milking | C1: Shobha | D1: Devaki | E1: Sita | F1: Lakshmi | G1: Mruga | H1: Radha | I1: Shravani | J1: Uma | K1: Parvati | L1: Durga | M1: Total (Litres) | N1: Daily total (Litres) | P1: Transfer to milk sale | Q1: Transfer to ghee | R1: Balance milk
A2: 46054 | B2: Morning | F2: 5 | G2: 5.5 | H2: 5.5 | M2: =SUM(C2:L2) -> 16 | N2: =M2+M3 -> 25 | R2: =M2-P2-Q2 -> 16
B3: Evening | F3: 3.5 | G3: 4.5 | H3: 1 | M3: =SUM(C3:L3) -> 9 | P3: 0 | R3: =M3-P3-Q3 -> 9
A4: 46055 | B4: Morning | F4: 4.7 | G4: 5 | H4: 5.5 | M4: =SUM(C4:L4) -> 15.2 | N4: =M4+M5 -> 25.7 | R4: =M4-P4-Q4 -> 15.2
B5: Evening | F5: 4.5 | G5: 5 | H5: 1 | M5: =SUM(C5:L5) -> 10.5 | R5: =M5-P5-Q5 -> 10.5
A6: 46056 | B6: Morning | F6: 4.5 | G6: 5 | H6: 4 | M6: =SUM(C6:L6) -> 13.5 | N6: =M6+M7 -> 28.7 | R6: =M6-P6-Q6 -> 13.5
B7: Evening | F7: 5.3 | G7: 5.4 | H7: 4.5 | M7: =SUM(C7:L7) -> 15.2 | R7: =M7-P7-Q7 -> 15.2
A8: 46057 | B8: Morning | F8: 4.5 | G8: 5.5 | H8: 5 | M8: =SUM(C8:L8) -> 15 | N8: =M8+M9 -> 26 | R8: =M8-P8-Q8 -> 15
B9: Evening | F9: 4 | G9: 5 | H9: 2 | M9: =SUM(C9:L9) -> 11 | R9: =M9-P9-Q9 -> 11
A10: 46058 | B10: Morning | F10: 5 | G10: 5.5 | H10: 6 | M10: =SUM(C10:L10) -> 16.5 | N10: =M10+M11 -> 27.5 | R10: =M10-P10-Q10 -> 16.5
B11: Evening | F11: 4 | G11: 5 | H11: 2 | M11: =SUM(C11:L11) -> 11 | R11: =M11-P11-Q11 -> 11
A12: 46059 | B12: Morning | F12: 5 | G12: 5.5 | H12: 6.5 | M12: =SUM(C12:L12) -> 17 | N12: =M12+M13 -> 29.5 | R12: =M12-P12-Q12 -> 17
B13: Evening | F13: 5 | G13: 5 | H13: 2.5 | M13: =SUM(C13:L13) -> 12.5 | R13: =M13-P13-Q13 -> 12.5
A14: 46060 | B14: Morning | F14: 5.5 | G14: 5 | H14: 4.5 | M14: =SUM(C14:L14) -> 15 | N14: =M14+M15 -> 27.5 | R14: =M14-P14-Q14 -> 15
B15: Evening | F15: 4.5 | G15: 5 | H15: 3 | M15: =SUM(C15:L15) -> 12.5 | R15: =M15-P15-Q15 -> 12.5
A16: 46061 | B16: Morning | F16: 5 | G16: 5.5 | H16: 4.7 | M16: =SUM(C16:L16) -> 15.2 | N16: =M16+M17 -> 29.2 | R16: =M16-P16-Q16 -> 15.2
B17: Evening | F17: 5.5 | G17: 5 | H17: 3.5 | M17: =SUM(C17:L17) -> 14 | R17: =M17-P17-Q17 -> 14
A18: 46062 | B18: Morning | F18: 4.5 | G18: 5 | H18: 4.5 | M18: =SUM(C18:L18) -> 14 | N18: =M18+M19 -> 27 | R18: =M18-P18-Q18 -> 14
B19: Evening | F19: 4 | G19: 5 | H19: 4 | M19: =SUM(C19:L19) -> 13 | R19: =M19-P19-Q19 -> 13
A20: 46063 | B20: Morning | F20: 5 | G20: 5.5 | H20: 4 | M20: =SUM(C20:L20) -> 14.5 | N20: =M20+M21 -> 29.2 | R20: =M20-P20-Q20 -> 14.5
B21: Evening | F21: 5.2 | G21: 5 | H21: 4.5 | M21: =SUM(C21:L21) -> 14.7 | R21: =M21-P21-Q21 -> 14.7
A22: 46064 | B22: Morning | F22: 4 | G22: 5 | H22: 2.5 | M22: =SUM(C22:L22) -> 11.5 | N22: =M22+M23 -> 23.7 | R22: =M22-P22-Q22 -> 11.5
B23: Evening | F23: 5 | G23: 5 | H23: 2.2 | M23: =SUM(C23:L23) -> 12.2 | R23: =M23-P23-Q23 -> 12.2
A24: 46065 | B24: Morning | F24: 4.5 | G24: 5 | H24: 4 | M24: =SUM(C24:L24) -> 13.5 | N24: =M24+M25 -> 26 | R24: =M24-P24-Q24 -> 13.5
B25: Evening | F25: 4 | G25: 5 | H25: 3.5 | M25: =SUM(C25:L25) -> 12.5 | R25: =M25-P25-Q25 -> 12.5
A26: 46066 | B26: Morning | F26: 4 | G26: 5 | H26: 3.2 | M26: =SUM(C26:L26) -> 12.2 | N26: =M26+M27 -> 24.7 | R26: =M26-P26-Q26 -> 12.2
B27: Evening | F27: 4.5 | G27: 4.5 | H27: 3.5 | M27: =SUM(C27:L27) -> 12.5 | R27: =M27-P27-Q27 -> 12.5
A28: 46067 | B28: Morning | F28: 4 | G28: 4.5 | H28: 3.5 | M28: =SUM(C28:L28) -> 12 | N28: =M28+M29 -> 24 | R28: =M28-P28-Q28 -> 12
B29: Evening | F29: 4 | G29: 5 | H29: 3 | M29: =SUM(C29:L29) -> 12 | R29: =M29-P29-Q29 -> 12
A30: 46068 | B30: Morning | F30: 4 | G30: 4 | H30: 3 | M30: =SUM(C30:L30) -> 11 | N30: =M30+M31 -> 22 | R30: =M30-P30-Q30 -> 11
B31: Evening | F31: 4 | G31: 4.5 | H31: 2.5 | M31: =SUM(C31:L31) -> 11 | R31: =M31-P31-Q31 -> 11
A32: 46069 | B32: Morning | F32: 4 | G32: 4 | H32: 2 | M32: =SUM(C32:L32) -> 10 | N32: =M32+M33 -> 21 | R32: =M32-P32-Q32 -> 10
B33: Evening | F33: 4 | G33: 4.5 | H33: 2.5 | M33: =SUM(C33:L33) -> 11 | R33: =M33-P33-Q33 -> 11
A34: 46070 | B34: Morning | F34: 4 | G34: 4.5 | H34: 3 | J34: 4.5 | K34: 4.1 | L34: 5 | M34: =SUM(C34:L34) -> 25.1 | N34: =M34+M35 -> 47.8 | R34: =M34-P34-Q34 -> 25.1
B35: Evening | F35: 4.2 | G35: 4.5 | H35: 1.5 | J35: 4 | K35: 4 | L35: 4.5 | M35: =SUM(C35:L35) -> 22.7 | R35: =M35-P35-Q35 -> 22.7
A36: 46071 | B36: Morning | F36: 4 | G36: 4.5 | H36: 3 | J36: 4 | K36: 4.3 | L36: 4.5 | M36: =SUM(C36:L36) -> 24.3 | N36: =M36+M37 -> 47.3 | R36: =M36-P36-Q36 -> 24.3
B37: Evening | F37: 4 | G37: 4 | H37: 2 | J37: 4 | K37: 4.5 | L37: 4.5 | M37: =SUM(C37:L37) -> 23 | R37: =M37-P37-Q37 -> 23
A38: 46072 | B38: Morning | F38: 4 | G38: 4.5 | H38: 4 | J38: 5 | K38: 4.5 | L38: 4.7 | M38: =SUM(C38:L38) -> 26.7 | N38: =M38+M39 -> 52.2 | R38: =M38-P38-Q38 -> 26.7
B39: Evening | F39: 4.5 | G39: 4.5 | H39: 3.5 | J39: 4.5 | K39: 4 | L39: 4.5 | M39: =SUM(C39:L39) -> 25.5 | R39: =M39-P39-Q39 -> 25.5
A40: 46073 | B40: Morning | F40: 5 | G40: 4.5 | H40: 2 | J40: 4.5 | K40: 4.5 | L40: 5 | M40: =SUM(C40:L40) -> 25.5 | N40: =M40+M41 -> 51.5 | R40: =M40-P40-Q40 -> 25.5
B41: Evening | F41: 5 | G41: 4.5 | H41: 3 | J41: 4 | K41: 4.5 | L41: 5 | M41: =SUM(C41:L41) -> 26
A42: 46074 | B42: Morning | F42: 5 | G42: 5 | H42: 5.5 | J42: 4 | K42: 4 | L42: 5.5 | M42: =SUM(C42:L42) -> 29 | N42: =M42+M43 -> 54
B43: Evening | F43: 5 | G43: 5 | H43: 2.5 | J43: 4 | K43: 4 | L43: 4.5 | M43: =SUM(C43:L43) -> 25
A44: =A42+1 -> 46075 | B44: Morning | F44: 5 | G44: 5 | H44: 4.5 | J44: 4 | K44: 4 | L44: 5 | M44: =SUM(C44:L44) -> 27.5 | N44: =M44+M45 -> 53.5
B45: Evening | F45: 4.5 | G45: 5 | H45: 3 | J45: 4.5 | K45: 4 | L45: 5 | M45: =SUM(C45:L45) -> 26
A46: 6709195 | B46: Morning | F46: 5 | G46: 4.5 | H46: 3.5 | J46: 4 | K46: 4.5 | L46: 5.5 | M46: =SUM(C46:L46) -> 27 | N46: =M46+M47 -> 53
B47: Evening | F47: 4.5 | G47: 4.5 | H47: 3 | J47: 4.5 | K47: 4.5 | L47: 5 | M47: =SUM(C47:L47) -> 26
A48: 46077 | B48: Morning | F48: 4.5 | G48: 4.5 | H48: 5 | J48: 4 | K48: 4.5 | L48: 5.5 | M48: =SUM(C48:L48) -> 28 | N48: =M48+M49 -> 50.2
B49: Evening | F49: 4.4 | G49: 3 | H49: 2.5 | J49: 3.5 | K49: 4 | L49: 4.8 | M49: =SUM(C49:L49) -> 22.2
A50: 46078 | B50: Morning | F50: 4.2 | G50: 4.5 | H50: 3 | I50: 3 | J50: 3.5 | K50: 4 | L50: 5.5 | M50: =SUM(C50:L50) -> 27.7 | N50: =M50+M51 -> 51.7
B51: Evening | F51: 4 | G51: 3 | H51: 2.5 | I51: 1.5 | J51: 4 | K51: 4 | L51: 5 | M51: =SUM(C51:L51) -> 24
A52: 46079 | B52: Morning | F52: 4.5 | G52: 4.5 | H52: 2 | I52: 2.2 | J52: 4.5 | K52: 4 | L52: 5 | M52: =SUM(C52:L52) -> 26.7 | N52: =M52+M53 -> 48.7
B53: Evening | F53: 4 | G53: 3.5 | H53: 1.5 | I53: 1.5 | J53: 4 | K53: 2.5 | L53: 5 | M53: =SUM(C53:L53) -> 22
A54: 46080 | B54: Morning | F54: 5 | G54: 5 | H54: 4 | I54: 3.5 | J54: 4.5 | K54: 4.5 | L54: 5.5 | M54: =SUM(C54:L54) -> 32 | N54: =M54+M55 -> 54
B55: Evening | F55: 4 | G55: 2.5 | H55: 1 | I55: 1.5 | J55: 4 | K55: 4 | L55: 5 | M55: =SUM(C55:L55) -> 22
A56: 46081 | B56: Morning | F56: 4.5 | G56: 5 | H56: 3.5 | I56: 3 | J56: 4 | K56: 4 | L56: 5.5 | M56: =SUM(C56:L56) -> 29.5 | N56: =M56+M57 -> 51.7
B57: Evening | F57: 4 | G57: 3.2 | H57: 1 | I57: 2.5 | J57: 3 | K57: 3.5 | L57: 5 | M57: =SUM(C57:L57) -> 22.2
B58: Morning | M58: =SUM(C58:L58) -> 0 | N58: =M58+M59 -> 0
B59: Evening | M59: =SUM(C59:L59) -> 0
B60: Morning | M60: =SUM(C60:L60) -> 0 | N60: =M60+M61 -> 0
B61: Evening | M61: =SUM(C61:L61) -> 0
B62: Morning | M62: =SUM(C62:L62) -> 0 | N62: =M62+M63 -> 0
B63: Evening | M63: =Sum(C63:H63) -> 0

Sheet Mar 2026
A1: Datemm- | B1: Milking | C1: Shobha | D1: Devaki | E1: Sita | F1: Lakshmi | G1: Mruga | H1: Radha | I1: Shravani | J1: Uma | K1: Parvati | L1: Durga | M1: Total (Litres) | N1: Daily total (Litres) | P1: Transfer to milk sale | Q1: Transfer to ghee | R1: Balance milk | S1: satyajits home | T1: Amit bhave | U1: bal | V1: actual sale | W1: return from sale | X1: diff
A2: 46082 | B2: Morning | F2: 4.5 | G2: 4 | H2: 2 | I2: 3 | J2: 4.5 | K2: 4 | L2: 5.7 | M2: =SUM(C2:L2) -> 27.7 | N2: =M2+M3 -> 49.4 | P2: 17.5 | Q2: 10.2 | R2: =M2-P2-Q2 -> 0
B3: Evening | F3: 4 | G3: 2.5 | H3: 1 | I3: 3 | J3: 3.7 | K3: 2.5 | L3: 5 | M3: =SUM(C3:L3) -> 21.7 | P3: 0 | Q3: 21.7 | R3: =M3-P3-Q3 -> 0
A4: =A2+1 -> 46083 | B4: Morning | F4: 4.5 | G4: 4.5 | H4: 2 | I4: 3 | J4: 4.3 | K4: 4 | L4: 5.8 | M4: =SUM(C4:L4) -> 28.1 | N4: =M4+M5 -> 50 | P4: 25.25 | Q4: 2.85 | R4: =M4-P4-Q4 -> 0
B5: Evening | F5: 3.5 | G5: 2.5 | H5: 2 | I5: 2.5 | J5: 3 | K5: 4 | L5: 4.4 | M5: =SUM(C5:L5) -> 21.9 | P5: 0 | Q5: 21.9 | R5: =M5-P5-Q5 -> 0
A6: =A4+1 -> 46084 | B6: Morning | F6: 3.5 | G6: 2.5 | H6: 4 | I6: 2.5 | J6: 3.5 | K6: 2.5 | L6: 4.3 | M6: =SUM(C6:L6) -> 22.8 | N6: =M6+M7 -> 43.8 | P6: 20.75 | Q6: 2.05 | R6: =M6-P6-Q6 -> 0
B7: Evening | F7: 3.5 | G7: 1.5 | H7: 1.5 | I7: 2.5 | J7: 4 | K7: 2 | L7: 6 | M7: =SUM(C7:L7) -> 21 | P7: 0 | Q7: 21 | R7: =M7-P7-Q7 -> 0
A8: =A6+1 -> 46085 | B8: Morning | F8: 2 | G8: 2 | H8: 3.5 | I8: 3 | J8: 2.7 | K8: 3 | L8: 5.5 | M8: =SUM(C8:L8) -> 21.7 | N8: =M8+M9 -> 45.4 | P8: 21.7 | Q8: 0 | R8: =M8-P8-Q8 -> 0
B9: Evening | F9: 3.5 | G9: 2 | H9: 3 | I9: 2.7 | J9: 4 | K9: 3.7 | L9: 4.8 | M9: =SUM(C9:L9) -> 23.7 | P9: 0 | Q9: 23.7 | R9: =M9-P9-Q9 -> 0
A10: =A8+1 -> 46086 | B10: Morning | F10: 3.5 | G10: 2.5 | H10: 2.7 | I10: 3.5 | J10: 4.3 | K10: 4 | L10: 5.5 | M10: =SUM(C10:L10) -> 26 | N10: =M10+M11 -> 47.8 | P10: 24.75 | Q10: 1.25 | R10: =M10-P10-Q10 -> 0
B11: Evening | F11: 4 | G11: 2 | H11: 4 | I11: 1.8 | J11: 4.5 | L11: 5.5 | M11: =SUM(C11:L11) -> 21.8 | P11: 0 | Q11: 21.8 | R11: =M11-P11-Q11 -> 0
A12: =A10+1 -> 46087 | B12: Morning | F12: 3 | G12: 3 | H12: 3.5 | I12: 2.5 | J12: 4.3 | K12: 4 | L12: 5.2 | M12: =SUM(C12:L12) -> 25.5 | N12: =M12+M13 -> 45.7 | P12: 25.25 | Q12: 0.25 | R12: =M12-P12-Q12 -> 0
B13: Evening | F13: 3 | G13: 2.5 | H13: 2.5 | I13: 1 | J13: 3.7 | K13: 3.5 | L13: 4 | M13: =SUM(C13:L13) -> 20.2 | P13: 0 | Q13: 20.2 | R13: =M13-P13-Q13 -> 0
A14: =A12+1 -> 46088 | B14: Morning | F14: 4 | G14: 4 | H14: 4 | I14: 2 | J14: 4 | K14: 4 | L14: 5 | M14: =SUM(C14:L14) -> 27 | N14: =M14+M15 -> 45.5 | P14: 27 | Q14: 0 | R14: =M14-P14-Q14 -> 0
B15: Evening | F15: 3.5 | G15: 2.5 | H15: 1 | I15: 1 | J15: 3.5 | K15: 3 | L15: 4 | M15: =SUM(C15:L15) -> 18.5 | P15: 0 | Q15: 18.5 | R15: =M15-P15-Q15 -> 0
A16: =A14+1 -> 46089 | B16: Morning | F16: 4 | G16: 4 | I16: 1.5 | J16: 4 | K16: 4 | L16: 4 | M16: =SUM(C16:L16) -> 21.5 | N16: =M16+M17 -> 42 | P16: 26.75 | Q16: 0 | R16: =M16-P16-Q16 -> -5.25 | S16: 2 | T16: 3.25 | U16: =R16+S16+T16 -> 0 | V16: 25.75 | W16: =P16-V16 -> 1
B17: Evening | F17: 3 | G17: 2.5 | H17: 3 | I17: 1 | J17: 3.5 | K17: 3.5 | L17: 4 | M17: =SUM(C17:L17) -> 20.5 | P17: 0 | Q17: 20.5 | R17: =M17-P17-Q17 -> 0 | U17: =R17+S17+T17 -> 0 | W17: =P17-V17 -> 0
A18: =A16+1 -> 46090 | B18: Morning | F18: 3.5 | G18: 4 | H18: 2 | I18: 1 | J18: 4 | K18: 3 | L18: 4.5 | M18: =SUM(C18:L18) -> 22 | N18: =M18+M19 -> 43 | P18: 27.75 | Q18: 0 | R18: =M18-P18-Q18 -> -5.75 | S18: 2.25 | T18: 3.5 | U18: =R18+S18+T18 -> 0 | V18: 25.25 | W18: =P18-V18 -> 2.5
B19: Evening | F19: 3 | G19: 2.5 | H19: 2 | I19: 2.5 | J19: 3 | K19: 3.7 | L19: 4.5 | M19: 21 | P19: 11 | Q19: 10 | R19: =M19-P19-Q19 -> 0 | U19: =R19+S19+T19 -> 0 | W19: =P19-V19 -> 11
A20: =A18+1 -> 46091 | B20: Morning | F20: 3 | G20: 3 | H20: 4 | I20: 1 | J20: 4.5 | K20: 4 | L20: 4.5 | M20: =SUM(C20:L20) -> 24 | N20: =M20+M21 -> 43 | P20: 25.5 | Q20: 0 | R20: =M20-P20-Q20 -> -1.5 | S20: 0 | T20: 0 | U20: =R20+S20+T20 -> -1.5 | V20: 25.5 | W20: =P20-V20 -> 0
B21: Evening | F21: 3 | G21: 2.5 | H21: 1.5 | I21: 2 | J21: 3 | K21: 3 | L21: 4 | M21: =SUM(C21:L21) -> 19 | P21: 0 | Q21: 19 | R21: =M21-P21-Q21 -> 0 | U21: =R21+S21+T21 -> 0 | W21: =P21-V21 -> 0
A22: =A20+1 -> 46092 | B22: Morning | F22: 3.5 | G22: 3.5 | H22: 3 | I22: 2 | J22: 4 | K22: 4 | L22: 5 | M22: =SUM(C22:L22) -> 25 | N22: =M22+M23 -> 46 | P22: 29.25 | Q22: 0 | R22: =M22-P22-Q22 -> -4.25 | S22: 1.25 | T22: 3 | U22: =R22+S22+T22 -> 0 | V22: 28.75 | W22: =P22-V22 -> 0.5
B23: Evening | F23: 3.5 | G23: 2.5 | H23: 3 | I23: 1.5 | J23: 3 | K23: 3 | L23: 4.5 | M23: =SUM(C23:L23) -> 21 | P23: 0 | Q23: 21 | R23: =M23-P23-Q23 -> 0 | U23: =R23+S23+T23 -> 0 | W23: =P23-V23 -> 0
A24: =A22+1 -> 46093 | B24: Morning | F24: 4 | G24: 4 | H24: 3 | I24: 2 | J24: 4 | K24: 4 | L24: 5 | M24: =SUM(C24:L24) -> 26 | N24: =M24+M25 -> 46.5 | P24: 28.9 | Q24: 0 | R24: =M24-P24-Q24 -> -2.9 | S24: 0 | T24: 2.9 | U24: =R24+S24+T24 -> 0 | V24: 26.25 | W24: =P24-V24 -> 2.65
B25: Evening | F25: 3.5 | G25: 2.5 | H25: 3.5 | I25: 1 | J25: 3 | K25: 3 | L25: 4 | M25: =SUM(C25:L25) -> 20.5 | P25: 0 | Q25: 20.5 | R25: =M25-P25-Q25 -> 0 | T25: 0 | U25: =R25+S25+T25 -> 0 | W25: =P25-V25 -> 0
A26: =A24+1 -> 46094 | B26: Morning | F26: 4.25 | G26: 4 | H26: 3.5 | I26: 2.5 | J26: 4 | K26: 4 | L26: 5 | M26: =SUM(C26:L26) -> 27.25 | N26: =M26+M27 -> 46.25 | O26: 0 | P26: 31.45 | Q26: 0 | R26: =M26-P26-Q26 -> -4.2 | T26: 4.2 | U26: =R26+S26+T26 -> 0 | V26: 30.25 | W26: =P26-V26 -> 1.2
B27: Evening | F27: 3 | G27: 2.5 | H27: 2.5 | I27: 1 | J27: 3 | K27: 3 | L27: 4 | M27: =SUM(C27:L27) -> 19 | P27: 0 | Q27: 19 | R27: =M27-P27-Q27 -> 0 | U27: =R27+S27+T27 -> 0 | W27: =P27-V27 -> 0
A28: =A26+1 -> 46095 | B28: Morning | F28: 4.5 | G28: 4 | H28: 3 | I28: 2 | J28: 4 | K28: 4 | L28: 5 | M28: =SUM(C28:L28) -> 26.5 | N28: =M28+M29 -> 45.5 | P28: 29.75 | Q28: 0 | R28: =M28-P28-Q28 -> -3.25 | T28: 3.25 | U28: =R28+S28+T28 -> 0 | V28: 27.25 | W28: =P28-V28 -> 2.5
B29: Evening | F29: 3 | G29: 2.5 | H29: 2.5 | I29: 1 | J29: 3 | K29: 3 | L29: 4 | M29: =SUM(C29:L29) -> 19 | Q29: 19 | R29: =M29-P29-Q29 -> 0 | U29: =R29+S29+T29 -> 0 | W29: =P29-V29 -> 0
A30: =A28+1 -> 46096 | B30: Morning | F30: 4 | G30: 4 | H30: 3 | I30: 2 | J30: 4 | K30: 4 | L30: 4.75 | M30: =SUM(C30:L30) -> 25.75 | N30: =M30+M31 -> 45.75 | P30: 28.75 | Q30: 0 | R30: =M30-P30-Q30 -> -3 | T30: 3 | U30: =R30+S30+T30 -> 0 | V30: 25.25 | W30: =P30-V30 -> 3.5
B31: Evening | F31: 3.5 | G31: 2.5 | H31: 2.5 | I31: 1.5 | J31: 3 | K31: 3 | L31: 4 | M31: =SUM(C31:L31) -> 20 | Q31: 20 | R31: =M31-P31-Q31 -> 0 | U31: =R31+S31+T31 -> 0 | W31: =P31-V31 -> 0
A32: =A30+1 -> 46097 | B32: Morning | F32: 4 | G32: 4 | H32: 2 | I32: 2 | J32: 4 | K32: 4 | L32: 4.5 | M32: =SUM(C32:L32) -> 24.5 | N32: =M32+M33 -> 44.5 | P32: 29.7 | Q32: 0 | R32: =M32-P32-Q32 -> -5.2 | S32: 2 | T32: 3.2 | U32: =R32+S32+T32 -> 0 | V32: 27.73 | W32: =P32-V32 -> 1.97 | X32: =P32-V32-W32 -> 0
B33: Evening | F33: 3 | G33: 2.5 | H33: 3 | I33: 1.5 | J33: 3 | K33: 3 | L33: 4 | M33: 20 | Q33: 20 | R33: =M33-P33-Q33 -> 0 | U33: =R33+S33+T33 -> 0 | X33: =P33-V33-W33 -> 0
A34: =A32+1 -> 46098 | B34: Morning | F34: 4 | G34: 4 | H34: 3 | I34: 2 | J34: 4 | K34: 4 | L34: 433 3- | M34: =SUM(C34:L34) -> 21 | N34: =M34+M35 -> 41 | P34: 29.3 | Q34: 0 | R34: =M34-P34-Q34 -> -8.3 | S34: 1 | T34: 2.8 | U34: =R34+S34+T34 -> -4.5 | V34: 29.5 | W34: 0 | X34: =P34-V34-W34 -> -0.2
B35: Evening | F35: 3.5 | G35: 2.5 | H35: 2.5 | I35: 2 | J35: 3 | K35: 3 | L35: 3.5 | M35: =SUM(C35:L35) -> 20 | R35: =M35-P35-Q35 -> 20 | U35: =R35+S35+T35 -> 20 | X35: =P35-V35-W35 -> 0
A36: =A34+1 -> 46099 | B36: Morning | F36: 4 | G36: 4 | H36: 3 | I36: 2 | J36: 4 | K36: 4 | L36: 4 | M36: =SUM(C36:L36) -> 25 | N36: =M36+M37 -> 45 | P36: 29 | Q36: 0 | R36: =M36-P36-Q36 -> -4 | S36: 1 | T36: 3 | U36: =R36+S36+T36 -> 0 | V36: 27 | W36: 2 | X36: =P36-V36-W36 -> 0
B37: Evening | F37: 3.5 | G37: 2.5 | H37: 2.5 | I37: 2 | J37: 3 | K37: 3 | L37: 3.5 | M37: =SUM(C37:L37) -> 20 | R37: =M37-P37-Q37 -> 20 | U37: =R37+S37+T37 -> 20 | X37: =P37-V37-W37 -> 0
A38: =A36+1 -> 46100 | B38: Morning | F38: 4 | G38: 4 | H38: 3 | I38: 2.5 | J38: 4 | K38: 4 | L38: 4.5 | M38: =SUM(C38:L38) -> 26 | N38: =M38+M39 -> 46 | P38: 29.9 | Q38: 0 | R38: =M38-P38-Q38 -> -3.9 | S38: 1 | T38: 2.9 | U38: =R38+S38+T38 -> 0 | V38: 29.9 | W38: 0.5 | X38: =P38-V38-W38 -> -0.5
B39: Evening | F39: 3.5 | G39: 2.5 | H39: 2.5 | I39: 2 | J39: 3 | K39: 3 | L39: 3.5 | M39: =SUM(C39:L39) -> 20 | R39: =M39-P39-Q39 -> 20 | U39: =R39+S39+T39 -> 20 | X39: =P39-V39-W39 -> 0
A40: =A38+1 -> 46101 | B40: Morning | F40: 4 | G40: 4 | H40: 2.5 | I40: 3 | J40: 4 | K40: 4 | L40: 4.5 | M40: =SUM(C40:L40) -> 26 | N40: =M40+M41 -> 46 | P40: 31.1 | Q40: 0 | R40: =M40-P40-Q40 -> -5.1 | S40: 1.5 | T40: 3.6 | U40: =R40+S40+T40 -> 0 | V40: 29.72 | W40: 2 | X40: =P40-V40-W40 -> -0.62
B41: Evening | F41: 3.5 | G41: 2.5 | H41: 2.5 | I41: 1.5 | J41: 3 | K41: 3.5 | L41: 3.5 | M41: =SUM(C41:L41) -> 20 | Q41: 20 | R41: =M41-P41-Q41 -> 0 | U41: =R41+S41+T41 -> 0 | X41: =P41-V41-W41 -> 0
A42: =A40+1 -> 46102 | B42: Morning | F42: 4 | G42: 4 | H42: 3 | I42: 3 | J42: 4 | K42: 4 | L42: 4.5 | M42: =SUM(C42:L42) -> 26.5 | N42: =M42+M43 -> 46 | P42: 30.9 | Q42: 0 | R42: =M42-P42-Q42 -> -4.4 | S42: 1.5 | T42: 2.9 | U42: =R42+S42+T42 -> 0 | V42: 28.22 | W42: 2 | X42: =P42-V42-W42 -> 0.68
B43: Evening | F43: 3.5 | G43: 2.5 | H43: 2.5 | I43: 2 | J43: 3 | K43: 2.5 | L43: 3.5 | M43: =SUM(C43:L43) -> 19.5 | Q43: 19.5 | R43: =M43-P43-Q43 -> 0 | U43: =R43+S43+T43 -> 0 | X43: =P43-V43-W43 -> 0
A44: =A42+1 -> 46103 | B44: Morning | F44: 4 | G44: 4 | H44: 2 | I44: 2 | J44: 4 | K44: 4 | L44: 4.5 | M44: =SUM(C44:L44) -> 24.5 | N44: =M44+M45 -> 45 | P44: 29.1 | R44: =M44-P44-Q44 -> -4.6 | S44: 2 | T44: 2.6 | U44: =R44+S44+T44 -> 0 | V44: 27.75 | W44: 0 | X44: =P44-V44-W44 -> 1.35
B45: Evening | F45: 4 | G45: 2.5 | H45: 2.5 | I45: 2 | J45: 3 | K45: 2.5 | L45: 4 | M45: =SUM(C45:L45) -> 20.5 | P45: 0.5 | Q45: 20 | R45: =M45-P45-Q45 -> 0 | U45: =R45+S45+T45 -> 0 | V45: 0.5 | W45: 0 | X45: =P45-V45-W45 -> 0
A46: =A44+1 -> 46104 | B46: Morning | F46: 4 | G46: 4 | H46: 2.5 | I46: 2.5 | J46: 4 | K46: 4 | L46: 4.5 | M46: =SUM(C46:L46) -> 25.5 | N46: =M46+M47 -> 44.5 | P46: 29.9 | Q46: 0 | R46: =M46-P46-Q46 -> -4.4 | S46: 1.5 | T46: 2.9 | U46: =R46+S46+T46 -> 0 | V46: 29.7 | W46: 2.25 | X46: =P46-V46-W46 -> -2.05
B47: Evening | F47: 3.5 | G47: 2.5 | H47: 2 | I47: 2.5 | J47: 3 | K47: 1.5 | L47: 4 | M47: =SUM(C47:L47) -> 19 | P47: 2 | Q47: 17 | R47: =M47-P47-Q47 -> 0 | U47: =R47+S47+T47 -> 0 | X47: =P47-V47-W47 -> 2 | Z47: =26+5.1 -> 31.1
A48: =A46+1 -> 46105 | B48: Morning | F48: 4.5 | G48: 4 | H48: 3.5 | I48: 3 | J48: 4 | K48: 4 | L48: 5 | M48: =SUM(C48:L48) -> 28 | N48: =M48+M49 -> 46.5 | P48: 30 | Q48: 3 | R48: =M48-P48-Q48 -> -5 | S48: 1.1 | T48: 3.9 | U48: =R48+S48+T48 -> 0 | V48: 30.22 | W48: 0 | X48: =P48-V48-W48 -> -0.22
B49: Evening | F49: 3.5 | G49: 2.5 | H49: 2 | I49: 2 | J49: 3 | K49: 2 | L49: 3.5 | M49: =SUM(C49:L49) -> 18.5 | P49: 1.5 | Q49: 17 | R49: =M49-P49-Q49 -> 0 | U49: =R49+S49+T49 -> 0 | V49: 1.5 | X49: =P49-V49-W49 -> 0
A50: =A48+1 -> 46106 | B50: Morning | F50: 4 | G50: 4 | H50: 2.75 | I50: 3 | J50: 4 | K50: 4 | L50: 5 | M50: =SUM(C50:L50) -> 26.75 | N50: =M50+M51 -> 46.25 | P50: 31.75 | Q50: 0 | R50: =M50-P50-Q50 -> -5 | S50: 2 | T50: 3 | U50: =R50+S50+T50 -> 0 | V50: 33.25 | W50: 0.5 | X50: =P50-V50-W50 -> -2
B51: Evening | F51: 3.5 | G51: 2.5 | H51: 1.5 | I51: 2.5 | J51: 3 | K51: 2.5 | L51: 4 | M51: =SUM(C51:L51) -> 19.5 | P51: 3 | Q51: 16.5 | R51: =M51-P51-Q51 -> 0 | U51: =R51+S51+T51 -> 0 | V51: 3 | X51: =P51-V51-W51 -> 0
A52: =A50+1 -> 46107 | B52: Morning | F52: 4 | G52: 4 | H52: 2.5 | I52: 3 | J52: 4 | K52: 4 | L52: 5 | M52: =SUM(C52:L52) -> 26.5 | N52: =M52+M53 -> 47.5 | P52: 31.5 | Q52: 0 | R52: =M52-P52-Q52 -> -5 | S52: 2 | T52: 3 | U52: =R52+S52+T52 -> 0 | V52: 34.23 | W52: 0.75 | X52: =P52-V52-W52 -> -3.48
B53: Evening | F53: 3.5 | G53: 2.5 | H53: 3 | I53: 2 | J53: 3 | K53: 3 | L53: 4 | M53: =SUM(C53:L53) -> 21 | P53: 3 | Q53: 18 | R53: =M53-P53-Q53 -> 0 | S53: 0 | T53: 0 | U53: =R53+S53+T53 -> 0 | V53: 3 | W53: 0 | X53: =P53-V53-W53 -> 0
A54: =A52+1 -> 46108 | B54: Morning | F54: 4 | G54: 4 | H54: 2.5 | I54: 3 | J54: 4 | K54: 4 | L54: 5 | M54: =SUM(C54:L54) -> 26.5 | N54: =M54+M55 -> 46.5 | P54: 32.5 | Q54: 0 | R54: =M54-P54-Q54 -> -6 | S54: 3 | T54: 3 | U54: =R54+S54+T54 -> 0 | V54: 34.72 | W54: 0.25 | X54: =P54-V54-W54 -> -2.47
B55: Evening | F55: 3.5 | G55: 2.5 | H55: 2.5 | I55: 2 | J55: 3 | K55: 2.5 | L55: 4 | M55: =SUM(C55:L55) -> 20 | P55: 3 | Q55: 17 | R55: =M55-P55-Q55 -> 0 | U55: =R55+S55+T55 -> 0 | V55: 3 | X55: =P55-V55-W55 -> 0
A56: =A54+1 -> 46109 | B56: Morning | F56: 4 | G56: 4.5 | H56: 3 | I56: 3 | J56: 4 | K56: 4 | L56: 5 | M56: =SUM(C56:L56) -> 27.5 | N56: =M56+M57 -> 46.5 | P56: 34.5 | Q56: 0 | R56: =M56-P56-Q56 -> -7 | S56: 2 | T56: 5 | U56: =R56+S56+T56 -> 0 | V56: 37.75 | W56: 0.25 | X56: =P56-V56-W56 -> -3.5
B57: Evening | F57: 3.5 | G57: 2.5 | H57: 1.5 | I57: 2 | J57: 3 | K57: 3 | L57: 3.5 | M57: =SUM(C57:L57) -> 19 | P57: 3.5 | Q57: 15.5 | R57: =M57-P57-Q57 -> 0 | U57: =R57+S57+T57 -> 0 | V57: 3.5 | X57: =P57-V57-W57 -> 0
A58: =A56+1 -> 46110 | B58: Morning | F58: 4 | G58: 4.25 | H58: 3 | I58: 3 | J58: 4 | K58: 4 | L58: 4.5 | M58: =SUM(C58:L58) -> 26.75 | N58: =M58+M59 -> 44.75 | P58: 33.75 | Q58: 0 | R58: =M58-P58-Q58 -> -7 | S58: 2 | T58: 5 | U58: =R58+S58+T58 -> 0 | V58: 34.25 | W58: 2 | X58: =P58-V58-W58 -> -2.5
B59: Evening | F59: 3.5 | G59: 2.5 | H59: 2.5 | J59: 3 | K59: 2.5 | L59: 4 | M59: =SUM(C59:L59) -> 18 | P59: 3.5 | Q59: 14.5 | R59: =M59-P59-Q59 -> 0 | U59: =R59+S59+T59 -> 0 | V59: 3.5 | X59: =P59-V59-W59 -> 0
A60: =A58+1 -> 46111 | B60: Morning | F60: 4 | G60: 4.25 | H60: 3 | I60: 3 | J60: 4 | K60: 4 | L60: 4.5 | M60: =SUM(C60:L60) -> 26.75 | N60: =M60+M61 -> 45.25 | P60: 34.05 | Q60: 0 | R60: =M60-P60-Q60 -> -7.3 | S60: 2 | T60: 5.3 | U60: =R60+S60+T60 -> 0 | V60: 36.72 | W60: 0.25 | X60: =P60-V60-W60 -> -2.92
B61: Evening | F61: 3.5 | G61: 2 | H61: 2.5 | I61: 1 | J61: 3 | K61: 2.5 | L61: 4 | M61: =SUM(C61:L61) -> 18.5 | P61: 4 | Q61: 14.5 | R61: =M61-P61-Q61 -> 0 | U61: =R61+S61+T61 -> 0 | V61: 4 | X61: =P61-V61-W61 -> 0
A62: =A60+1 -> 46112 | B62: Morning | F62: 4 | G62: 4 | H62: 2.5 | I62: 2.5 | J62: 4 | K62: 4 | L62: 4.5 | M62: =SUM(C62:L62) -> 25.5 | N62: =M62+M63 -> 44.5 | P62: 32 | Q62: 0 | R62: =M62-P62-Q62 -> -6.5 | S62: 1.5 | T62: 5 | U62: =R62+S62+T62 -> 0 | V62: 36.75 | W62: 0.25 | X62: =P62-V62-W62 -> -5
B63: Evening | F63: 3.5 | G63: 2 | H63: 2.5 | I63: 1.5 | J63: 3 | K63: 2.5 | L63: 4 | M63: 19 | P63: 5 | Q63: 14 | R63: =M63-P63-Q63 -> 0 | U63: =R63+S63+T63 -> 0 | V63: 5 | W63: 0 | X63: =P63-V63-W63 -> 0
R64: =M64-P64-Q64 -> 0 | U64: =R64+S64+T64 -> 0
R65: =M65-P65-Q65 -> 0 | U65: =R65+S65+T65 -> 0
R66: =M66-P66-Q66 -> 0 | U66: =R66+S66+T66 -> 0
A72: =BIN2OCT(A80, DGET(DGET(A81))) -> #N/A
A82: =ACOS(A89) -> 1.5707963
A86: =BAHTTEXT(==A104, BAHTTEXT(BAHTTEXT(A104, BAHTTEXT(BAHTTEXT(A104, BAHTTEXT(BAHTTEXT(A104)))))))BAHTTEXT(BAHTTEXT(=BAHTTEXT(A104))) -> #ERROR!
A102: =BAHTTEXT(BAHTTEXT(A118))BAHTTEXT(BAHTTEXT(A118)) -> #ERROR!
A119: =BAHTTEXT(A127) -> ศูนย์บาทถ้วน
A128: =A136BAHTTEXT(BAHTTEXT(A142))BAHTTEXT() -> #ERROR!
A149: =BAHTTEXT(BAHTTEXT(A158, CUMPRINC(A157, BAHTTEXT())))BAHTTEXT(A158) -> #ERROR!
A150: =BAHTTEXT(A150) -> #REF!
A157: =BAHTTEXT(A158)BAHTTEXT(BAHTTEXT(==A173))BAHTTEXT(BAHTTEXT(=A148, BAHTTEXT(BAHTTEXT(A168, BAHTTEXT(A167)))))BAHTTEXT(BAHTTEXT(BAHTTEXT(BAHTTEXT(A168)))) -> #ERROR!
A176: =BAHTTEXT(BAHTTEXT(BAHTTEXT(A176=A189)))BAHTTEXT(BAHTTEXT(A187, BAHTTEXT(A184:A190=))) -> #ERROR!
A194: =BAHTTEXT(BAHTTEXT(A211)) -> #ERROR!
A211: =BAHTTEXT(BAHTTEXT(BAHTTEXT(A221, BAHTTEXT(A218, BAHTTEXT(A220, COUPDAYBS(COUPDAYBS(A220, BAHTTEXT(BAHTTEXT(A225, BAHTTEXT(BAHTTEXT(A226)))))))))))BAHTTEXT(BAHTTEXT(A226, BAHTTEXT(BAHTTEXT(BAHTTEXT(A226))))) -> #ERROR!
A235: =BAHTTEXT(BAHTTEXT(A233))BAHTTEXT(A244, BAHTTEXT(A244, BAHTTEXT(A243)))BAHTTEXT(BAHTTEXT(A245, BAHTTEXT(GOOGLEFINANCE(A243, A253, BAHTTEXT(BAHTTEXT(A253, GOOGLEFINANCE(A253))))))) -> #ERROR!
A252: =BAHTTEXT(A253, BAHTTEXT(A264))BAHTTEXT(COUPDAYBS(A265)) -> #ERROR!
A264: =BAHTTEXT(COUPDAYS(A273)) -> #N/A
A274: =BAHTTEXT(BAHTTEXT(BAHTTEXT(BAHTTEXT(A288, BAHTTEXT(A288, BAHTTEXT(A288))))))BAHTTEXT(BAHTTEXT(A287)) -> #ERROR!
A286: =BAHTTEXT(BAHTTEXT(A284:A295, BAHTTEXT(BAHTTEXT(A295, BAHTTEXT(BAHTTEXT(BAHTTEXT(BAHTTEXT(A293, COUPDAYS(A295, BAHTTEXT(BAHTTEXT(A295, BAHTTEXT(A293, BAHTTEXT(BAHTTEXT(A295, BAHTTEXT(BAHTTEXT(A361, BAHTTEXT(BAHTTEXT(A351, BAHTTEXT(BAHTTEXT(A351)))))))))))))))))))) -> #REF!
A350: =BAHTTEXT(BAHTTEXT(=A363, BAHTTEXT(BAHTTEXT(BAHTTEXT(A355:A362, BAHTTEXT(BAHTTEXT(A365, BAHTTEXT(A365, BAHTTEXT(BAHTTEXT(BAHTTEXT(A365, BAHTTEXT(BAHTTEXT(A365, BAHTTEXT(BAHTTEXT(A364))))))))))))))) -> #ERROR!
A365: =BAHTTEXT() -> #N/A
A374: =BAHTTEXT(A380, BAHTTEXT(A387, BAHTTEXT(BAHTTEXT()))) -> #N/A
A388: =BAHTTEXT(BAHTTEXT(BAHTTEXT(A406, BAHTTEXT(BAHTTEXT(A405)))))BAHTTEXT(BAHTTEXT(A406)) -> #ERROR!
A406: =BAHTTEXT(BAHTTEXT(COUPNCD(COUPNCD(A424, BAHTTEXT(BAHTTEXT(BAHTTEXT(A424))))))) -> #N/A
A424: =BAHTTEXT(BAHTTEXT(A426, BAHTTEXT(A433)))BAHTTEXT(BAHTTEXT(=A454, BAHTTEXT(BAHTTEXT(A454))))DAY(A456, DAY()) -> #ERROR!
A498: =DAY(DAY(A513, DMAX(A525, CHOOSECOLS(CHOOSECOLS(A527, DGET(DGET(DMIN(DMIN(A525, DMIN(A524:A525, A526, DGET(A529, DGET(DGET(DMAX(DGET(A505, DGET(A506))))))))))))))))DGET(DGET(A507, DAY(DAY(A507)))) -> #ERROR!
A506: =DAY(=DAY(A524, DAY(A525, DAY(A523, DAY(DAY(DAY(A524, DAY(DAY(A532, DAY(DAY(A532, DAYS(DAYS(A531, DAY(A532, DAY(A556, DAY(DAYS(DAY(A544, DAY(A543, DAY(DAY(DAY(A551))))))))))))))))))))))DAY(A550, DAY()) -> #ERROR!
A644: =DAY(DAY(DAYS(DAY(A709, DAY(A710, DAY(DAY(DAY(A709)))))))) -> #N/A
A709: {=DAY(A709=DAY(DAYS(A724, DAY(DAY(A723, UNIQUE(A723, UNIQUE(UNIQUE(A716:A723, UNIQUE(UNIQUE(A723, A723, UNIQUE(UNIQUE(UNIQUE(UNIQUE(UNIQUE(UNIQUE(A734:A765, CHOOSECOLS(CHOOSECOLS(CHOOSECOLS(A766, CHOOSECOLS())))))))))))))))))))} -> #REF!
A767: {=CHOOSECOLS(A769)} -> #N/A
A777: =BAHTTEXT(A786, GOOGLEFINANCE(BAHTTEXT(BAHTTEXT(BAHTTEXT(A786)))))COUPDAYS(=BAHTTEXT(COUPDAYBS(BAHTTEXT(BAHTTEXT(GOOGLEFINANCE(BAHTTEXT(A838:A843, BAHTTEXT(A848, GOOGLEFINANCE(GOOGLEFINANCE(A843, BAHTTEXT(A842)))))))))))GOOGLEFINANCE(BAHTTEXT(BAHTTEXT(BAHTTEXT(A843))))BAHTTEXT(A842, UNIQUE(=UNIQUE(UNIQUE(UNIQUE(UNIQUE(A843)))))) -> #ERROR!
A843: =UNIQUE(A845, A851, UNIQUE(UNIQUE(A852)))=BAHTTEXT(A852, BAHTTEXT(BAHTTEXT(A868, BAHTTEXT(BAHTTEXT(BAHTTEXT(A869, BAHTTEXT(COUPDAYBS(A871, A870, BAHTTEXT(BAHTTEXT(BAHTTEXT(A869, BAHTTEXT(A871, BAHTTEXT(BAHTTEXT(A870, BAHTTEXT(A869, BAHTTEXT(A869))))))))))))))))BAHTTEXT(A871, BAHTTEXT(A870, BAHTTEXT(A870, BAHTTEXT(BAHTTEXT(A869, BAHTTEXT(BAHTTEXT(A908))))))) -> #ERROR!

Sheet Sheet15

Sheet April 2026
A1: Datemm- | B1: Milking | C1: Shobha | D1: Devaki | E1: Sita | F1: Lakshmi | G1: Mruga | H1: Radha | I1: Shravani | J1: Uma | K1: Parvati | L1: Durga | M1: Ganga | N1: Yamuna | P1: Total (Litres) | Q1: Daily total (Litres) | S1: Transfer to milk sale | T1: Transfer to ghee | U1: Balance milk | V1: stored milk | W1: satyajits home | X1: Amit bhave | Y1: bal | Z1: actual sale | AA1: return from sale | AB1: diff | AC1: bal
A2: 46113 | B2: Morning | F2: 4 | G2: 4 | H2: 3 | I2: 3 | J2: 4 | K2: 4.5 | L2: 5 | P2: =SUM(C2:N2) -> 27.5 | Q2: =P2+P3 -> 45 | S2: 34 | T2: 0 | U2: =P2-S2-T2 -> -6.5 | W2: 1.5 | X2: 5 | Y2: =U2+W2+X2 -> 0 | Z2: 36 | AA2: 0
B3: Evening | F3: 3 | G3: 2.5 | H3: 1 | I3: 1.5 | J3: 3 | K3: 2.5 | L3: 4 | P3: =SUM(C3:N3) -> 17.5 | S3: 2.5 | T3: 15 | U3: =P3-S3-T3 -> 0 | W3: 0
A4: 46114 | B4: Morning | F4: 4 | G4: 4 | H4: 2.5 | I4: 2.5 | J4: 4 | K4: 4 | L4: 5 | P4: =SUM(C4:N4) -> 26 | Q4: =P4+P5 -> 44.5 | S4: 32.5 | T4: 0 | U4: =P4-S4-T4 -> -6.5 | W4: 1.5 | X4: 5 | Y4: 0 | Z4: 33 | AA4: 0
B5: Evening | F5: 3.5 | G5: 2 | H5: 1.5 | I5: 2 | J5: 3 | K5: 2.5 | L5: 4 | P5: =SUM(C5:N5) -> 18.5 | S5: 1 | T5: 17.5 | U5: =P5-S5-T5 -> 0 | W5: 0 | AC5: 32.6 | AD5: 7.5
A6: 46115 | B6: Morning | F6: 4 | G6: 4 | H6: 2.5 | I6: 2.5 | J6: 4 | K6: 4 | L6: 5 | P6: =SUM(C6:N6) -> 26 | Q6: =P6+P7 -> 45.5 | S6: 35.7 | T6: 0 | U6: =P6-S6-T6 -> -9.7 | W6: 4.5 | X6: 5.2 | Y6: 0 | Z6: 37 | AA6: 1.6
B7: Evening | F7: 3.5 | G7: 2 | H7: 2.5 | I7: 2 | J7: 3 | K7: 2.5 | L7: 4 | P7: =SUM(C7:N7) -> 19.5 | S7: 2.5 | T7: 17 | U7: =P7-S7-T7 -> 0
A8: 46116 | B8: Morning | F8: 4 | G8: 4 | H8: 2 | I8: 2 | J8: 4 | K8: 4 | L8: 4.5 | P8: =SUM(C8:N8) -> 24.5 | Q8: =P8+P9 -> 44 | S8: 32.97 | T8: 11 | Z8: 32.97 | AA8: 0
B9: Evening | F9: 3.5 | G9: 2.5 | H9: 2 | I9: 2 | J9: 3 | K9: 2.5 | L9: 4 | P9: =SUM(C9:N9) -> 19.5
A10: 46117 | B10: Morning | F10: 4 | G10: 4 | H10: 2.5 | I10: 2.5 | J10: 4 | K10: 4 | L10: 4.5 | P10: =SUM(C10:N10) -> 25.5 | Q10: =P10+P11 -> 44.5 | S10: 35.47 | T10: 8.5 | W10: 0 | X10: 0 | Z10: 35.47 | AA10: 0
B11: Evening | F11: 3.5 | G11: 2.5 | H11: 2 | I11: 2 | J11: 2.5 | K11: 2.5 | L11: 4 | P11: =SUM(C11:N11) -> 19
A12: 46118 | B12: Morning | F12: 4 | G12: 4 | H12: 1 | I12: 2 | J12: 4 | K12: 4 | L12: 4.5 | P12: =SUM(C12:N12) -> 23.5 | Q12: =P12+P13 -> 44 | S12: 34.97 | W12: 0 | X12: 0 | Z12: 34.97 | AA12: 0.25
B13: Evening | F13: 4 | G13: 3 | H13: 2 | I13: 2 | J13: 3 | K13: 2.5 | L13: 4 | P13: =SUM(C13:N13) -> 20.5
A14: 46119 | B14: Morning | F14: 4 | G14: 4 | H14: 1 | I14: 2 | J14: 4 | K14: 4 | L14: 4.5 | P14: =SUM(C14:N14) -> 23.5 | Q14: =P14+P15 -> 42.5 | S14: =Q14-T14 -> 37.5 | T14: 5 | Z14: 35.97
B15: Evening | F15: 3.5 | G15: 2.5 | H15: 2 | I15: 2 | J15: 3 | K15: 2 | L15: 4 | P15: =SUM(C15:N15) -> 19
A16: 46120 | B16: Morning | F16: 4 | G16: 4 | H16: 2 | I16: 2.5 | J16: 4 | K16: 4 | L16: 4 | P16: =SUM(C16:N16) -> 24.5 | Q16: =P16+P17 -> 44.5 | Z16: 35.47
B17: Evening | F17: 4 | G17: 3 | H17: 2 | I17: 2 | J17: 3 | K17: 2 | L17: 4 | P17: =SUM(C17:N17) -> 20
A18: 46121 | B18: Morning | F18: 4.5 | G18: 4 | H18: 2 | I18: 2 | J18: 3.5 | K18: 4 | L18: 4.5 | P18: =SUM(C18:N18) -> 24.5 | Q18: =P18+P19 -> 43.9 | Z18: 36.47
B19: Evening | F19: 3.5 | G19: 2.5 | H19: 2 | I19: 1.5 | J19: 3 | K19: 2.9 | L19: 4 | P19: =SUM(C19:N19) -> 19.4
A20: 46122 | B20: Morning | F20: 4 | G20: 4 | H20: 1 | I20: 2 | J20: 4 | K20: 4 | L20: 4.4 | P20: =SUM(C20:N20) -> 23.4 | Q20: =P20+P21 -> 45.3 | Z20: 38.47 | AA20: 2
B21: Evening | F21: 4 | G21: 3 | H21: 2.5 | I21: 2.5 | J21: 3 | K21: 2.9 | L21: 4 | P21: =SUM(C21:N21) -> 21.9
A22: 46123 | B22: Morning | F22: 4 | G22: 4 | H22: 2.5 | I22: 2.2 | J22: 4 | K22: 4 | L22: 4.5 | M22: 2.5 | N22: 2 | P22: =SUM(C22:N22) -> 29.7 | Q22: =P22+P23 -> 54.2 | Z22: 40.22 | AA22: 1
B23: Evening | F23: 3.5 | G23: 2.5 | H23: 1 | I23: 2 | J23: 3 | K23: 3 | L23: 4 | M23: 2.5 | N23: 3 | P23: =SUM(C23:N23) -> 24.5
A24: 46124 | B24: Morning | F24: 4 | G24: 4 | H24: 1 | I24: 2.5 | J24: 4 | K24: 4 | L24: 5 | M24: 2.5 | N24: 2.5 | P24: =SUM(C24:N24) -> 29.5 | Q24: =P24+P25 -> 51.5 | Z24: 36.72 | AA24: 1
B25: Evening | F25: 3.5 | G25: 2 | H25: 1 | I25: 2.5 | J25: 3 | K25: 2.3 | L25: 4 | M25: 2 | N25: 1.7 | P25: =SUM(C25:N25) -> 22
A26: 46125 | B26: Morning | F26: 4 | G26: 3.5 | I26: 2.5 | J26: 4 | K26: 4 | L26: 4.5 | M26: 3 | N26: 2.5 | P26: =SUM(C26:N26) -> 28 | Q26: =P26+P27 -> 28 | Z26: 37.72 | AA26: 0.5
B27: Evening | P27: =SUM(C27:N27) -> 0
A28: 46126 | B28: Morning | F28: 4 | G28: 3 | H28: 1 | I28: 2 | J28: 2.5 | K28: 1 | L28: 4 | M28: 2 | N28: 2 | P28: =SUM(C28:N28) -> 21.5 | Q28: =P28+P29 -> 45 | Z28: 35.44 | AA28: 1.5
B29: Evening | F29: 4 | G29: 3.3 | H29: 1 | I29: 3 | J29: 3 | K29: 3 | L29: 3 | M29: 2 | N29: 1.2 | P29: =SUM(C29:N29) -> 23.5
A30: 46127 | B30: Morning | F30: 3 | G30: 3.5 | H30: 0 | I30: 2 | J30: 3.5 | K30: 2.5 | L30: 3.5 | M30: 2 | N30: 2 | P30: =SUM(C30:N30) -> 22 | Q30: =P30+P31 -> 51 | Z30: 39.47 | AA30: 1
B31: Evening | F31: 4 | G31: 4 | H31: 4 | I31: 3 | J31: 3 | K31: 2.6 | L31: 4 | M31: 2.2 | N31: 2.2 | P31: =SUM(C31:N31) -> 29
A32: 46128 | B32: Morning | F32: 3.5 | G32: 3.5 | H32: 0 | I32: 2.5 | J32: 3.5 | K32: 2.5 | L32: 4.4 | M32: 2 | N32: 2 | P32: =SUM(C32:N32) -> 23.9 | Q32: =P32+P33 -> 48.8 | Z32: 37.97 | AA32: 1
B33: Evening | F33: 3.5 | G33: 3 | H33: 3.1 | I33: 3 | J33: 3.1 | K33: 2.9 | L33: 2.6 | M33: 2 | N33: 1.7 | P33: =SUM(C33:N33) -> 24.9
A34: 46129 | B34: Morning | F34: 4.5 | G34: 3.5 | H34: 0 | I34: 3.5 | J34: 2.6 | K34: 3.1 | L34: 4.2 | M34: 2.8 | N34: 3 | P34: =SUM(C34:N34) -> 27.2 | Q34: =P34+P35 -> 52.12 | Z34: 38.97
B35: Evening | F35: 3 | G35: 2.5 | H35: 4.1 | I35: 2.4 | J35: 2.2 | K35: 3 | L35: 2.2 | M35: 2.76 | N35: 2.76 | P35: =SUM(C35:N35) -> 24.92
A36: 46130 | B36: Morning | F36: 3.2 | G36: 3.47 | H36: 0 | I36: 2.5 | J36: 3.3 | K36: 3.42 | L36: 4.2 | M36: 3.2 | N36: 3.1 | P36: =SUM(C36:N36) -> 26.39 | Q36: =P36+P37 -> 50.48 | Z36: 38.97
B37: Evening | F37: 2.25 | G37: 2.62 | H37: 2.63 | I37: 2.82 | J37: 2.9 | K37: 1.38 | L37: 4.7 | M37: 2.45 | N37: 2.34 | P37: =SUM(C37:N37) -> 24.09
A38: 46131 | B38: Morning | F38: 3.4 | G38: 3.47 | H38: 0 | I38: 2.35 | J38: 3.23 | K38: 3.42 | L38: 4.6 | M38: 2.2 | N38: 3.16 | P38: =SUM(C38:N38) -> 25.83 | Q38: =P38+P39 -> 53.97 | Z38: 41.47
B39: Evening | F39: 3.83 | G39: 3.01 | H39: 1.28 | I39: 3.93 | J39: 3.1 | K39: 2.16 | L39: 4.62 | M39: 2.43 | N39: 3.78 | P39: =SUM(C39:N39) -> 28.14
A40: 46132 | B40: Morning | F40: 3.34 | G40: 3.97 | H40: 0 | I40: 2.5 | J40: 3.7 | K40: 3.28 | L40: 4.8 | M40: 2.96 | N40: 3.34 | P40: =SUM(C40:N40) -> 27.89 | Q40: =P40+P41 -> 50.49 | Z40: 38.47
B41: Evening | F41: 3.36 | G41: 2.51 | H41: 0 | I41: 2.16 | J41: 2.77 | K41: 3.05 | L41: 4.52 | M41: 2.48 | N41: 1.75 | P41: =SUM(C41:N41) -> 22.6
A42: 46133 | B42: Morning | F42: 4.03 | G42: 3.1 | H42: 0 | I42: 2.79 | J42: 3.2 | K42: 3.28 | L42: 4.54 | M42: 3.07 | N42: 3.31 | P42: =SUM(C42:N42) -> 27.32 | Q42: =P42+P43 -> 53.9 | Z42: 38.47
B43: Evening | F43: 3.92 | G43: 2.82 | H43: 1.4 | I43: 2.79 | J43: 3.07 | K43: 3.17 | L43: 4.76 | M43: 1.95 | N43: 2.7 | P43: =SUM(C43:N43) -> 26.58
A44: 46134 | B44: Morning | F44: 3.3 | G44: 3.25 | H44: 0 | I44: 2.05 | J44: 3.17 | K44: 5.55 | L44: 4.58 | M44: 3.06 | N44: 2.65 | P44: =SUM(C44:N44) -> 27.61 | Q44: =P44+P45 -> 50.27 | Z44: 38.97
B45: Evening | F45: 3.2 | G45: 2.82 | H45: 0 | I45: 3.12 | J45: 2.98 | K45: 1.83 | L45: 4.21 | M45: 2.44 | N45: 2.06 | P45: =SUM(C45:N45) -> 22.66
A46: 46135 | B46: Morning | F46: 3.5 | G46: 3.36 | H46: 0 | I46: 1.96 | J46: 3.48 | K46: 3.6 | L46: 4.37 | M46: 2.21 | N46: 3.11 | P46: =SUM(C46:N46) -> 25.59 | Q46: =P46+P47 -> 52.74 | Z46: 38.97
B47: Evening | F47: 3.73 | G47: 2.55 | H47: 1.89 | I47: 3.13 | J47: 3.37 | K47: 3.15 | L47: 4.54 | M47: 1.71 | N47: 3.08 | P47: =SUM(C47:N47) -> 27.15
A48: 46136 | B48: Morning | F48: 3.66 | G48: 0 | H48: 0 | I48: 1.99 | J48: 3.09 | K48: 3.04 | L48: 4.55 | M48: 3.2 | N48: 2.9 | P48: =SUM(C48:N48) -> 22.43 | Q48: =P48+P49 -> 49.72 | Z48: 38.97
B49: Evening | F49: 3 | G49: 3.42 | H49: 2.66 | I49: 2.55 | J49: 2.94 | K49: 3.03 | L49: 4.83 | M49: 2.04 | N49: 2.82 | P49: =SUM(C49:N49) -> 27.29
A50: 46137 | B50: Morning | F50: 2.93 | G50: 3.14 | H50: 0 | I50: 1.74 | J50: 3.25 | K50: 2.91 | L50: 4.35 | M50: 3.08 | N50: 2.45 | P50: =SUM(C50:N50) -> 23.85 | Q50: =P50+P51 -> 48.88 | Z50: 37.97
B51: Evening | F51: 3.17 | G51: 2.32 | H51: 1.73 | I51: 3.11 | J51: 3 | K51: 2.59 | L51: 4.42 | M51: 1.98 | N51: 2.71 | P51: =SUM(C51:N51) -> 25.03
A52: 46138 | B52: Morning | F52: 3.39 | G52: 2.79 | H52: 0 | I52: 2.32 | J52: 3.75 | K52: 3.6 | L52: 5.5 | M52: 2 | N52: 3.5 | P52: =SUM(C52:N52) -> 26.85 | Q52: =P52+P53 -> 53.13
B53: Evening | F53: 3.65 | G53: 2.2 | H53: 1.4 | I53: 2.47 | J53: 3.2 | K53: 2.07 | L53: 4.29 | M53: 3 | N53: 4 | P53: =SUM(C53:N53) -> 26.28
A54: 46139 | B54: Morning | F54: 3.63 | G54: 3.35 | H54: 0 | I54: 2.98 | J54: 3.78 | K54: 2.87 | L54: 4.82 | M54: 2.5 | N54: 3 | P54: =SUM(C54:N54) -> 26.93 | Q54: =P54+P55 -> 50.298
B55: Evening | F55: 2.61 | G55: 2.85 | H55: 1.5 | I55: 2.38 | J55: 2.86 | K55: 2.44 | L55: 4.31 | M55: 1.86 | N55: 2.558 | P55: =SUM(C55:N55) -> 23.368
A56: 46140 | B56: Morning | F56: 3.2 | G56: 3.19 | H56: 0 | I56: 2.5 | J56: 3.37 | K56: 2.94 | L56: 5 | M56: 2.05 | N56: 3.14 | P56: =SUM(C56:N56) -> 25.39 | Q56: =P56+P57 -> 50.32
B57: Evening | F57: 3.11 | G57: 2.74 | H57: 0.96 | I57: 2.7 | J57: 3.3 | K57: 2.92 | L57: 4.14 | M57: 2.04 | N57: 3.02 | P57: =SUM(C57:N57) -> 24.93
A58: 46141 | B58: Morning | F58: 4.9 | G58: 3.34 | H58: 0 | I58: 1.68 | J58: 3.57 | K58: 3.8 | L58: 4.55 | M58: 3 | N58: 4.11 | P58: =SUM(C58:N58) -> 28.95 | Q58: =P58+P59 -> 54.34
B59: Evening | F59: 2.78 | G59: 2.91 | H59: 1 | I59: 2.98 | J59: 3 | K59: 3.15 | L59: 4.28 | M59: 2.79 | N59: 2.5 | P59: =SUM(C59:N59) -> 25.39
A60: 46142 | B60: Morning | F60: 3.8 | G60: 3.27 | H60: 0 | I60: 2.78 | J60: 3.25 | K60: 3.06 | L60: 4.59 | M60: 2.85 | N60: 3.13 | P60: =SUM(C60:N60) -> 26.73 | Q60: =P60+P61 -> 55.11
B61: Evening | F61: 5.67 | G61: 3.49 | H61: 0.78 | I61: 1.88 | J61: 3.27 | K61: 2.88 | L61: 3.71 | M61: 3 | N61: 3.7 | P61: =SUM(C61:N61) -> 28.38
B62: Morning | P62: =SUM(C62:N62) -> 0 | Q62: =P62+P63 -> 0
B63: Evening | P63: =SUM(C63:N63) -> 0
P64: =SUM(C64:N64) -> 0

Sheet Mar 26 Summary
A1: Cow Name | B1: Total Milk (Litres)
A2: Total | B2: =Sum(B3:B13) -> 1411.55
A4: Shobha | B4: =sum('Mar 2026'!C2:C63) -> 0
A5: Devaki | B5: =sum('Mar 2026'!D2:D63) -> 0
A6: Sita | B6: =sum('Mar 2026'!E2:E63) -> 0
A7: Lakshmi | B7: =sum('Mar 2026'!F2:F63) -> 226.75
A8: Mruga | B8: =sum('Mar 2026'!G2:G63) -> 192.5
A9: Radha | B9: =sum('Mar 2026'!H2:H63) -> 160.45
A10: Shravani | B10: =sum('Mar 2026'!I2:I63) -> 130.5
A11: Uma | B11: =sum('Mar 2026'!J2:J63) -> 223
A12: Parvati | B12: =sum('Mar 2026'!K2:K63) -> 206.9
A13: Durga | B13: =sum('Mar 2026'!L2:L63) -> 271.45

Sheet Yearly Summary
B1: Month | C1: June | D1: July | E1: August | F1: September | G1: October | H1: November | I1: December | J1: 46048 | K1: 46079 | L1: 46107 | M1: 46138 | N1: 46168 | O1: 46199
A2: Name of Cow | B2: Total Milk
A3: Shobha | B3: =sum(C3:Z3) -> 1135.9 | C3: ='June Summary'!B4 -> 141.7 | D3: ='July Summary'!B4 -> 238.1 | E3: ='August Summary'!B4 -> 216.7 | F3: ='September Summary'!B4 -> 203.4 | G3: ='October Summary'!B4 -> 182.7 | H3: ='November Summary'!B4 -> 92.6 | I3: ='December Summary'!B4 -> 44.1 | J3: ='January 26 Summary'!B4 -> 16.6 | K3: ='Feb 26 Summary'!B4 -> 0 | L3: ='Mar 26 Summary'!B4 -> 0 | M3: ='April 26 Summary'!B4 -> 0
A4: Devaki | B4: =sum(C4:Z4) -> 298.1 | C4: ='June Summary'!B5 -> 116.3 | D4: ='July Summary'!B5 -> 87 | E4: ='August Summary'!B5 -> 93.1 | F4: ='September Summary'!B5 -> 1.7 | G4: ='October Summary'!B5 -> 0 | H4: ='November Summary'!B5 -> 0 | I4: ='December Summary'!B5 -> 0 | J4: ='January 26 Summary'!B5 -> 0 | K4: ='Feb 26 Summary'!B5 -> 0 | L4: ='Mar 26 Summary'!B5 -> 0 | M4: ='April 26 Summary'!B5 -> 0
A5: Sita | B5: =sum(C5:Z5) -> 556.1 | C5: ='June Summary'!B6 -> 78.7 | D5: ='July Summary'!B6 -> 88.6 | E5: ='August Summary'!B6 -> 144 | F5: ='September Summary'!B6 -> 141.2 | G5: ='October Summary'!B6 -> 99.6 | H5: ='November Summary'!B6 -> 4 | I5: ='December Summary'!B6 -> 0 | J5: ='January 26 Summary'!B6 -> 0 | K5: ='Feb 26 Summary'!B6 -> 0 | L5: ='Mar 26 Summary'!B6 -> 0 | M5: ='April 26 Summary'!B6 -> 0
A6: Lakshmi | B6: =sum(C6:Z6) -> 2085.71 | D6: ='July Summary'!B7 -> 159.2 | E6: ='August Summary'!B7 -> 247.3 | F6: ='September Summary'!B7 -> 192.8 | G6: ='October Summary'!B7 -> 181.1 | H6: ='November Summary'!B7 -> 166.5 | I6: ='December Summary'!B7 -> 173.2 | J6: ='January 26 Summary'!B7 -> 272.3 | K6: ='Feb 26 Summary'!B7 -> 251 | L6: ='Mar 26 Summary'!B7 -> 226.75 | M6: ='April 26 Summary'!B7 -> 215.56
A7: Mruga | B7: =sum(C7:Z7) -> 1456.66 | G7: ='October Summary'!B8 -> 70.4 | H7: ='November Summary'!B8 -> 237.9 | I7: ='December Summary'!B8 -> 220.3 | J7: ='January 26 Summary'!B8 -> 289.7 | K7: ='Feb 26 Summary'!B8 -> 262.1 | L7: ='Mar 26 Summary'!B8 -> 192.5 | M7: ='April 26 Summary'!B8 -> 183.76
A8: Radha | B8: =sum(C8:Z8) -> 821.28 | H8: ='November Summary'!B9 -> 81.4 | I8: ='December Summary'!B9 -> 114.4 | J8: ='January 26 Summary'!B9 -> 206.5 | K8: ='Feb 26 Summary'!B9 -> 183.6 | L8: ='Mar 26 Summary'!B9 -> 160.45 | M8: ='April 26 Summary'!B9 -> 74.93
A9: Pushpa | B9: =sum(C9:Z9) -> 19.8 | H9: ='November Summary'!B10 -> 19.8
A10: Shravani | B10: =sum(C10:Z10) -> 717.16 | I10: ='December Summary'!B10 -> 194.3 | J10: ='January 26 Summary'!B10 -> 231.9 | K10: ='Feb 26 Summary'!B10 -> 18.7 | L10: ='Mar 26 Summary'!B10 -> 130.5 | M10: ='April 26 Summary'!B10 -> 141.76
A11: Uma | B11: =sum(C11:Z11) -> 515.8 | K11: ='Feb 26 Summary'!B11 -> 98.5 | L11: ='Mar 26 Summary'!B11 -> 223 | M11: ='April 26 Summary'!B11 -> 194.3
A12: Parvati | B12: =sum(C12:Z12) -> 487.09 | K12: ='Feb 26 Summary'!B12 -> 98.4 | L12: ='Mar 26 Summary'!B12 -> 206.9 | M12: ='April 26 Summary'!B12 -> 181.79
A13: Durga | B13: =sum(C13:Z13) -> 645.03 | K13: ='Feb 26 Summary'!B13 -> 120 | L13: ='Mar 26 Summary'!B13 -> 271.45 | M13: ='April 26 Summary'!B13 -> 253.58
A16: Monthly Total | C16: =Sum(C3:C13) -> 336.7 | D16: =Sum(D3:D13) -> 572.9 | E16: =Sum(E3:E13) -> 701.1 | F16: =Sum(F3:F13) -> 539.1 | G16: =Sum(G3:G13) -> 533.8 | H16: =Sum(H3:H13) -> 602.2 | I16: =Sum(I3:I13) -> 746.3 | J16: =Sum(J3:J13) -> 1017 | ... O16: =Sum(O3:O13) -> 0

Sheet May 2026
A1: Datemm- | B1: Milking | C1: Shobha | D1: Devaki | E1: Sita | F1: Lakshmi | G1: Mruga | H1: Radha | I1: Shravani | J1: Uma | K1: Parvati | L1: Durga | M1: Ganga | N1: Yamuna | P1: Total (Litres) | Q1: Daily total (Litres) | S1: Transfer to milk sale | T1: Transfer to ghee | U1: Balance milk | V1: stored milk | W1: satyajits home | X1: Amit bhave | Y1: bal | Z1: actual sale | AA1: return from sale | AB1: diff | AC1: bal
A2: 46143 | B2: Morning | F2: 3.05 | G2: 2.59 | H2: 1 | I2: 3.25 | J2: 3.47 | K2: 3.14 | L2: 4.83 | M2: 2.36 | N2: 3.4 | P2: =SUM(C2:N2) -> 27.09 | Q2: =P2+P3 -> 52.94
B3: Evening | F3: 3.76 | G3: 3.37 | H3: 1.6 | I3: 1.69 | J3: 3.14 | K3: 2.6 | L3: 4.55 | M3: 2.82 | N3: 2.32 | P3: =SUM(C3:N3) -> 25.85
A4: 46144 | B4: Morning | F4: 3.91 | G4: 3.47 | H4: 0 | I4: 2.4 | J4: 3.28 | K4: 3.1 | L4: 4.5 | M4: 3.2 | N4: 3.94 | P4: =SUM(C4:N4) -> 27.8 | Q4: =P4+P5 -> 53.6
B5: Evening | F5: 3.63 | G5: 3.17 | H5: 0.3 | I5: 2.25 | J5: 3.17 | K5: 2.62 | L5: 3.97 | M5: 2.96 | N5: 3.73 | P5: =SUM(C5:N5) -> 25.8
A6: 46145 | B6: Morning | F6: 3.73 | G6: 3.715 | H6: 0 | I6: 2.34 | J6: 3.57 | K6: 2.77 | L6: 4.5 | M6: 3.22 | N6: 3.6 | P6: =SUM(C6:N6) -> 27.445 | Q6: =P6+P7 -> 52.722
B7: Evening | F7: 3.7 | G7: 3.04 | H7: 0 | I7: 1.85 | J7: 2.68 | K7: 2.77 | L7: 4.117 | M7: 3.81 | N7: 3.31 | P7: =SUM(C7:N7) -> 25.277
A8: 46116 | B8: Morning | F8: 3.03 | G8: 3.48 | H8: 0 | I8: 1.81 | J8: 3.83 | K8: 3.6 | L8: 4.89 | M8: 2.94 | N8: 3.25 | P8: =SUM(C8:N8) -> 26.83 | Q8: =P8+P9 -> 52.29
B9: Evening | F9: 3.83 | G9: 3.36 | H9: 1.4 | I9: 2.1 | J9: 3.4 | K9: 2.77 | L9: 3.74 | M9: 2.58 | N9: 2.28 | P9: =SUM(C9:N9) -> 25.46
A10: 46147 | B10: Morning | F10: 3.09 | G10: 3.07 | H10: 0 | I10: 1.93 | J10: 3.54 | K10: 3.7 | L10: 4.52 | M10: 3.57 | N10: 3.26 | P10: =SUM(C10:N10) -> 26.68 | Q10: =P10+P11 -> 52.03
B11: Evening | F11: 3.71 | G11: 3.52 | H11: 0.7 | I11: 1.81 | J11: 2.85 | K11: 2.69 | L11: 4.13 | M11: 2.53 | N11: 3.41 | P11: =SUM(C11:N11) -> 25.35
A12: 46148 | B12: Morning | F12: 2.6 | G12: 3.38 | H12: 0 | I12: 1.89 | J12: 3.54 | K12: 3.18 | L12: 4.92 | M12: 2.73 | N12: 3.53 | P12: =SUM(C12:N12) -> 25.77 | Q12: =P12+P13 -> 50.98
B13: Evening | F13: 3.73 | G13: 2.79 | H13: 1.2 | I13: 2.23 | J13: 2.85 | K13: 2.88 | L13: 4.4 | M13: 2.26 | N13: 2.87 | P13: =SUM(C13:N13) -> 25.21
A14: 46149 | B14: Morning | F14: 3.38 | G14: 2.6 | H14: 0 | I14: 1.51 | J14: 3.37 | K14: 3.1 | L14: 4.66 | M14: 2.86 | N14: 3.44 | P14: =SUM(C14:N14) -> 24.92 | Q14: =P14+P15 -> 48
B15: Evening | F15: 3.1 | G15: 2.6 | H15: 0 | I15: 1.67 | J15: 2.97 | K15: 2.77 | L15: 4.66 | M15: 2.19 | N15: 3.12 | P15: =SUM(C15:N15) -> 23.08
A16: 46150 | B16: Morning | F16: 4.2 | G16: 3.01 | H16: 0 | I16: 2.115 | J16: 3.65 | K16: 3.23 | L16: 4.8 | M16: 2.74 | N16: 3.1 | P16: =SUM(C16:N16) -> 26.845 | Q16: =P16+P17 -> 50.425
B17: Evening | F17: 3.39 | G17: 2.54 | H17: 0 | I17: 1.56 | J17: 3 | K17: 2.84 | L17: 4.61 | M17: 2.44 | N17: 3.2 | P17: =SUM(C17:N17) -> 23.58
A18: 46151 | B18: Morning | F18: 2.2 | G18: 3.34 | H18: 0 | I18: 1.66 | J18: 3.5 | K18: 3 | L18: 4.62 | M18: 2.08 | N18: 3.6 | P18: =SUM(C18:N18) -> 24 | Q18: =P18+P19 -> 45.7
B19: Evening | F19: 1.73 | G19: 2.93 | H19: 0.6 | I19: 1.69 | J19: 2.6 | K19: 2.76 | L19: 3.05 | M19: 2.74 | N19: 3.6 | P19: =SUM(C19:N19) -> 21.7
A20: 46152 | B20: Morning | F20: 4.89 | G20: 3.7 | H20: 0 | I20: 1.35 | J20: 3.5 | K20: 2.63 | L20: 4.89 | M20: 2.84 | N20: 3.7 | P20: =SUM(C20:N20) -> 27.5 | Q20: =P20+P21 -> 54.53
B21: Evening | F21: 2.78 | G21: 3.25 | H21: 0 | I21: 2.62 | J21: 2.86 | K21: 3.8 | L21: 4.78 | M21: 2.76 | N21: 4.18 | P21: =SUM(C21:N21) -> 27.03
A22: 46153 | B22: Morning | F22: 3.35 | G22: 3.2 | H22: 0 | I22: 1.12 | J22: 3.5 | K22: 2.92 | L22: 5 | M22: 2.85 | N22: 4.4 | P22: =SUM(C22:N22) -> 26.34 | Q22: =P22+P23 -> 51.99
B23: Evening | F23: 2.57 | G23: 3.39 | H23: 0 | I23: 3.29 | J23: 2.72 | K23: 2.6 | L23: 4.76 | M23: 2.78 | N23: 3.54 | P23: =SUM(C23:N23) -> 25.65
A24: 46154 | B24: Morning | F24: 3.18 | G24: 3.79 | H24: 0 | I24: 0 | J24: 3.9 | K24: 2.72 | L24: 4.81 | M24: 3.3 | N24: 4.71 | P24: =SUM(C24:N24) -> 26.41 | Q24: =P24+P25 -> 51.34
B25: Evening | F25: 3.9 | G25: 2.88 | H25: 0 | I25: 1.85 | J25: 2.75 | K25: 2.65 | L25: 4.45 | M25: 2.89 | N25: 3.56 | P25: =SUM(C25:N25) -> 24.93
A26: 46155 | B26: Morning | F26: 3.85 | G26: 3.25 | H26: 0 | I26: 1.42 | J26: 2.93 | K26: 2.28 | L26: 4.86 | M26: 3.26 | N26: 4.25 | P26: =SUM(C26:N26) -> 26.1 | Q26: =P26+P27 -> 49.88
B27: Evening | F27: 1.93 | G27: 2.82 | H27: 0 | I27: 1.2 | J27: 3.4 | K27: 2.59 | L27: 4.5 | M27: 3.21 | N27: 4.13 | P27: =SUM(C27:N27) -> 23.78
A28: 46156 | B28: Morning | F28: 4.56 | G28: 3.8 | H28: 0 | I28: 1.42 | J28: 3.4 | K28: 2.66 | L28: 4.88 | M28: 3.7 | N28: 4.24 | P28: =SUM(C28:N28) -> 28.66 | Q28: =P28+P29 -> 52.23
B29: Evening | F29: 3.3 | G29: 2.97 | H29: 0 | I29: 1.29 | J29: 2.81 | K29: 2.41 | L29: 4.47 | M29: 2.42 | N29: 3.9 | P29: =SUM(C29:N29) -> 23.57
A30: 46157 | B30: Morning | F30: 3.85 | G30: 3.5 | H30: 0 | I30: 1.22 | J30: 3.34 | K30: 1.56 | L30: 4.2 | M30: 3.57 | N30: 4.9 | P30: =SUM(C30:N30) -> 26.14 | Q30: =P30+P31 -> 49.03
B31: Evening | F31: 2.47 | G31: 3.8 | H31: 0 | I31: 0.62 | J31: 2.92 | K31: 2.96 | L31: 5 | M31: 2.56 | N31: 2.56 | P31: =SUM(C31:N31) -> 22.89
A32: 46158 | B32: Morning | F32: 3.26 | G32: 3.13 | H32: 0 | I32: 1 | J32: 3.48 | K32: 3.4 | L32: 5.25 | M32: 2.96 | N32: 2 | P32: =SUM(C32:N32) -> 24.48 | Q32: =P32+P33 -> 48.08
B33: Evening | F33: 4.11 | G33: 2.61 | H33: 0 | I33: 0.82 | J33: 2.79 | K33: 2.2 | L33: 4.47 | M33: 2.7 | N33: 3.9 | P33: =SUM(C33:N33) -> 23.6
A34: 46159 | B34: Morning | F34: 3.17 | G34: 3.5 | H34: 0 | I34: 1.54 | J34: 3.32 | K34: 3.21 | L34: 4.91 | M34: 3.4 | N34: 3.88 | P34: =SUM(C34:N34) -> 26.93 | Q34: =P34+P35 -> 51.7
B35: Evening | F35: 3.24 | G35: 3.42 | H35: 0 | I35: 0.91 | J35: 2.82 | K35: 2.86 | L35: 4.92 | M35: 2.71 | N35: 3.89 | P35: =SUM(C35:N35) -> 24.77
A36: 46160 | B36: Morning | F36: 4.14 | G36: 3.7 | H36: 0 | I36: 1.93 | J36: 3.48 | K36: 2.55 | L36: 4.62 | M36: 2.89 | N36: 3.93 | P36: =SUM(C36:N36) -> 27.24 | Q36: =P36+P37 -> 53.18
B37: Evening | F37: 3.16 | G37: 3.2 | H37: 1.88 | I37: 0.96 | J37: 3.21 | K37: 1.26 | L37: 4.82 | M37: 2.9 | N37: 4.55 | P37: =SUM(C37:N37) -> 25.94
A38: 46161 | B38: Morning | F38: 3.74 | G38: 2.29 | H38: 0 | I38: 1.36 | J38: 2.71 | K38: 4.24 | L38: 4.9 | M38: 2.61 | N38: 4.42 | P38: =SUM(C38:N38) -> 26.27 | Q38: =P38+P39 -> 50.09
B39: Evening | F39: 3.52 | G39: 2.89 | H39: 0 | I39: 1.18 | J39: 2.92 | K39: 2.63 | L39: 4.79 | M39: 2.37 | N39: 3.52 | P39: =SUM(C39:N39) -> 23.82
A40: 46162 | B40: Morning | F40: 5.4 | G40: 2.95 | H40: 0 | I40: 2 | J40: 2.71 | K40: 2.66 | L40: 5.36 | M40: 2.69 | N40: 3.3 | P40: =SUM(C40:N40) -> 27.07 | Q40: =P40+P41 -> 51.86
B41: Evening | F41: 0 | G41: 2.36 | H41: 0 | I41: 0.91 | J41: 3.9 | K41: 3.8 | L41: 5.6 | M41: 2.82 | N41: 5.4 | P41: =SUM(C41:N41) -> 24.79
A42: 46163 | B42: Morning | F42: 0 | G42: 2.1 | H42: 0 | I42: 1.36 | J42: 2.81 | K42: 2.78 | L42: 4.3 | M42: 2.65 | N42: 4.33 | P42: =SUM(C42:N42) -> 20.33 | Q42: =P42+P43 -> 43
B43: Evening | F43: 0 | G43: 2.2 | H43: 0 | I43: 2.72 | J43: 2.5 | K43: 2.85 | L43: 5 | M43: 3.4 | N43: 4 | P43: =SUM(C43:N43) -> 22.67
A44: 46164 | B44: Morning | F44: 0 | G44: 2.2 | H44: 0 | I44: 0.62 | J44: 3 | K44: 3.03 | L44: 5 | M44: 3.22 | N44: 4.1 | P44: =SUM(C44:N44) -> 21.17 | Q44: =P44+P45 -> 42.5
B45: Evening | F45: 1.07 | G45: 2 | H45: 0 | I45: 2.14 | J45: 2.38 | K45: 2.84 | L45: 4 | M45: 2.8 | N45: 4.1 | P45: =SUM(C45:N45) -> 21.33
A46: 46164 | B46: Morning | F46: 1.69 | G46: 1.91 | H46: 0 | I46: 2 | J46: 3.01 | K46: 2.9 | L46: 4.9 | M46: 2.5 | N46: 4.9 | P46: =SUM(C46:N46) -> 23.81 | Q46: =P46+P47 -> 43.58
B47: Evening | F47: 1.58 | G47: 2.4 | H47: 0 | I47: 0 | J47: 2.71 | K47: 2.69 | L47: 4.63 | M47: 2.98 | N47: 2.78 | P47: =SUM(C47:N47) -> 19.77
A48: 46166 | B48: Morning | F48: 2 | G48: 1.57 | H48: 0 | I48: 1.3 | J48: 3.03 | K48: 2.92 | L48: 4.4 | M48: 3.13 | N48: 3.77 | P48: =SUM(C48:N48) -> 22.12 | Q48: =P48+P49 -> 41.95
B49: Evening | F49: 2.05 | G49: 2..29 | H49: 0 | I49: 0 | J49: 2.98 | K49: 2.63 | L49: 4.87 | M49: 2.95 | N49: 4.35 | P49: =SUM(C49:N49) -> 19.83
A50: 46167 | B50: Morning | F50: 2.33 | G50: 2.26 | H50: 0 | I50: 1.93 | J50: 2.75 | K50: 3 | L50: 3.71 | M50: 2.26 | N50: 4.12 | P50: =SUM(C50:N50) -> 22.36 | Q50: =P50+P51 -> 42.427
B51: Evening | F51: 2.42 | G51: 1.58 | H51: 0 | I51: 0.9 | J51: 2.46 | K51: 2.8 | L51: 4.31 | M51: 1.58 | N51: 4.017 | P51: =SUM(C51:N51) -> 20.067
A52: 46168 | B52: Morning | F52: 2.28 | G52: 2 | H52: 0 | I52: 1.9 | J52: 1.85 | K52: 2.68 | L52: 3.6 | M52: 2 | N52: 3.99 | P52: =SUM(C52:N52) -> 20.3 | Q52: =P52+P53 -> 43.97
B53: Evening | F53: 2.4 | G53: 2.48 | H53: 0 | I53: 1.23 | J53: 2.4 | K53: 2.4 | L53: 5.5 | M53: 2.48 | N53: 4.78 | P53: =SUM(C53:N53) -> 23.67
A54: 46169 | B54: Morning | F54: 2.38 | G54: 2.32 | H54: 0 | I54: 2.09 | J54: 2.64 | K54: 2.84 | L54: 4.9 | M54: 2.29 | N54: 3.84 | P54: =SUM(C54:N54) -> 23.3 | Q54: =P54+P55 -> 46.43
B55: Evening | F55: 2.45 | G55: 2.21 | H55: 0 | I55: 1.13 | J55: 2.83 | K55: 2.95 | L55: 4.64 | M55: 3.05 | N55: 3.87 | P55: =SUM(C55:N55) -> 23.13
A56: 46170 | B56: Morning | F56: 2.74 | G56: 2.48 | H56: 0 | I56: 1.58 | J56: 2.73 | K56: 2.9 | L56: 3.85 | M56: 3.01 | N56: 4.41 | P56: =SUM(C56:N56) -> 23.7 | Q56: =P56+P57 -> 48.39
B57: Evening | F57: 2.84 | G57: 2.81 | H57: 0 | I57: 1.5 | J57: 3.05 | K57: 1.24 | L57: 5.29 | M57: 3.41 | N57: 4.55 | P57: =SUM(C57:O57) -> 24.69
A58: 46171 | B58: Morning | F58: 2.66 | G58: 2.88 | H58: 0 | I58: 1.3 | J58: 2.34 | K58: 3 | L58: 3.93 | M58: 3.17 | N58: 4.32 | P58: =SUM(C58:N58) -> 23.6 | Q58: =P58+P59 -> 46.85
B59: Evening | F59: 3.02 | G59: 2.83 | H59: 0 | I59: 1.02 | J59: 2.48 | K59: 3.21 | L59: 4.36 | M59: 2.13 | N59: 4.2 | P59: =SUM(C59:N59) -> 23.25
A60: 46172 | B60: Morning | F60: 2.63 | G60: 3.09 | H60: 0 | I60: 1.55 | J60: 2.35 | K60: 2.8 | L60: 4.22 | M60: 2.27 | N60: 4.41 | P60: =SUM(C60:N60) -> 23.32 | Q60: =P60+P61 -> 49.95
B61: Evening | F61: 3.07 | G61: 3.3 | H61: 0 | I61: 1.5 | J61: 2.69 | K61: 2.9 | L61: 4.85 | M61: 3.72 | N61: 4.6 | P61: =SUM(C61:N61) -> 26.63
A62: 46173 | B62: Morning | F62: 2.73 | G62: 3.22 | H62: 0 | I62: 1.15 | J62: 2.47 | K62: 2.98 | L62: 3.95 | M62: 3 | N62: 4.27 | P62: =SUM(C62:N62) -> 23.77 | Q62: =P62+P63 -> 49.43
B63: Evening | F63: 2.58 | G63: 3.4 | H63: 0 | I63: 1.56 | J63: 2.71 | K63: 3 | L63: 4.9 | M63: 3.28 | N63: 4.23 | P63: =SUM(C63:N63) -> 25.66
P64: =SUM(C64:N64) -> 0

Sheet April 26 Summary
A1: Cow Name | B1: Total Milk (Litres)
A2: Total | B2: =Sum(B3:B13) -> 1245.68
A4: Shobha | B4: =sum('April 2026'!C2:C63) -> 0
A5: Devaki | B5: =sum('April 2026'!D2:D63) -> 0
A6: Sita | B6: =sum('April 2026'!E2:E63) -> 0
A7: Lakshmi | B7: =sum('April 2026'!F2:F63) -> 215.56
A8: Mruga | B8: =sum('April 2026'!G2:G63) -> 183.76
A9: Radha | B9: =sum('April 2026'!H2:H63) -> 74.93
A10: Shravani | B10: =sum('April 2026'!I2:I63) -> 141.76
A11: Uma | B11: =sum('April 2026'!J2:J63) -> 194.3
A12: Parvati | B12: =sum('April 2026'!K2:K63) -> 181.79
A13: Durga | B13: =sum('April 2026'!L2:L63) -> 253.58
A14: Ganga
A15: Yamuna

Sheet milk stock 
A1: Date | B1: Morning | C1: Evening | D1: Stock used | E1: Total | F1: Delivery | G1: trf to ghe | H1: trf to vilas | I1: akshya farm | J1: stock
A2: 46207 | B2: 23.5 | C2: 19 | D2: 0 | E2: =sum(B2:D2) -> 42.5 | F2: 36.47 | G2: 4.7 | H2: 0.5 | I2: 0.5 | J2: =E2-F2-G2-H2-I2 -> 0.33 | L2: trf to ghee | M2: ghee prepared
A3: 46238 | B3: 24.5 | C3: 20 | E3: =sum(B3:D3) -> 44.5 | F3: 35.47 | G3: 5.65 | H3: 0.5 | I3: 1 | J3: =E3-F3-G3-H3-I3 -> 1.88
A4: 46269 | B4: 24.5 | C4: 19.4 | D4: 1.88 | E4: =sum(B4:D4) -> 45.78 | F4: 36.47 | G4: 6.19 | H4: 0.5 | I4: 0.5 | J4: =E4-F4-G4-H4-I4 -> 2.12
A5: 46299 | B5: 23.4 | C5: 21.9 | D5: 2.12 | E5: =sum(B5:D5) -> 47.42 | F5: 36.5 | G5: 2 | H5: 0.5 | I5: 0.5 | J5: =E5-F5-G5-H5-I5 -> 7.92
A6: 46330 | B6: 29.5 | C6: 24.7 | E6: =sum(B6:D6) -> 54.2 | F6: 38.75 | G6: 6.53 | H6: 0.5 | I6: 0.5 | J6: =E6-F6-G6-H6-I6 -> 7.92
A7: 46360 | B7: 29.5 | C7: 22 | E7: =sum(B7:D7) -> 51.5 | F7: 36.75 | G7: 6.64 | H7: 0.5 | I7: 0.5 | J7: =E7-F7-G7-H7-I7 -> 7.11
A8: 13-04-2026 | B8: 28 | C8: 17.7 | D8: 5.78 | E8: =sum(B8:D8) -> 51.48 | F8: 36.22 | G8: 2.7 | H8: 0.5 | I8: 0.5 | J8: =E8-F8-G8-H8-I8 -> 11.56
A9: 14-04-2026 | B9: 21.5 | C9: 23.5 | E9: =sum(B9:D9) -> 45 | F9: 39.22 | G9: 8 | H9: 0.5 | I9: 0.5 | J9: =E9-F9-G9-H9-I9 -> -3.22
A10: 15-04-2026 | B10: 22 | C10: 29 | E10: =sum(B10:D10) -> 51 | F10: 38.97 | G10: 7.5 | H10: 0.5 | I10: 0.5 | J10: =E10-F10-G10-H10-I10 -> 3.53 | P10: 2623 | Q10: 2711 | R10: 2431 | S10: 2694 | T10: 2274 | U10: 2536 | V10: 2483 | W10: 2518
A11: 16-04-2026 | B11: 23.9 | C11: 24.9 | E11: =sum(B11:D11) -> 48.8 | F11: 37.97 | G11: 12.4 | H11: 0.5 | I11: 1 | J11: =E11-F11-G11-H11-I11 -> -3.07 | M11: 365 | P11: 1 | Q11: 2 | R11: 3 | S11: 4 | T11: 5 | U11: 6 | V11: 7 | W11: 8
A12: 17-04-2026 | B12: 27.2 | C12: 24.92 | E12: =sum(B12:D12) -> 52.12 | F12: 38.97 | G12: 13.7 | H12: 0.5 | I12: 0.5 | J12: =E12-F12-G12-H12-I12 -> -1.55 | P12: =P10/70 -> 37.471429 | Q12: =Q10/70 -> 38.728571 | R12: =R10/70 -> 34.728571 | S12: =S10/70 -> 38.485714 | T12: =T10/70 -> 32.485714 | U12: =U10/70 -> 36.228571 | V12: =V10/70 -> 35.471429 | W12: =W10/70 -> 35.971429
A13: 18-04-2026 | B13: 26.32 | C13: 24.09 | E13: =sum(B13:D13) -> 50.41 | F13: 38.97 | G13: 11.75 | H13: 0.5 | I13: 0.5 | J13: =E13-F13-G13-H13-I13 -> -1.31 | L13: 11.75 | M13: 600
A14: 19-04-206 | B14: 25.83 | C14: 28.14 | E14: =sum(B14:D14) -> 53.97 | F14: 39.97 | G14: 8.3 | H14: 0.5 | I14: 0.5 | J14: =E14-F14-G14-H14-I14 -> 4.7
A15: 20-04-2026 | B15: 27.89 | C15: 22.46 | E15: =sum(B15:D15) -> 50.35 | F15: 37.97 | G15: 14.6 | H15: 0.5 | I15: 0.5 | J15: =E15-F15-G15-H15-I15 -> -3.22
A16: 21-04-2026 | B16: 27.32 | C16: 26.58 | E16: =sum(B16:D16) -> 53.9 | F16: 38.47 | G16: 11.3 | H16: 0.5 | I16: 0.5 | J16: =E16-F16-G16-H16-I16 -> 3.13
A17: 22-04-2026 | B17: 27.61 | C17: 22.66 | E17: =sum(B17:D17) -> 50.27 | F17: 38.47 | G17: 9.8 | H17: 0.5 | I17: 0.5 | J17: =E17-F17-G17-H17-I17 -> 1
A18: 23-04-2026 | B18: 22.59 | C18: 27.15 | E18: =sum(B18:D18) -> 49.74 | F18: 38.97 | G18: 6.4 | H18: 0.5 | I18: 0.5 | J18: =E18-F18-G18-H18-I18 -> 3.37
A19: 24-04-2026 | B19: 22.43 | C19: 27.29 | E19: =sum(B19:D19) -> 49.72 | F19: 37.97 | G19: 9.7 | H19: 0.5 | I19: 0.5 | J19: =E19-F19-G19-H19-I19 -> 1.05
A20: 25-04-2026 | B20: 23.85 | C20: 25.03 | E20: =sum(B20:D20) -> 48.88 | F20: 37.97 | G20: 13.5 | H20: 0.5 | I20: 0.5 | J20: =E20-F20-G20-H20-I20 -> -3.59
A21: 26-04-2026 | B21: 26.85 | C21: 26.28 | E21: =sum(B21:D21) -> 53.13 | F21: 36.97 | G21: 12.6 | H21: 0.5 | I21: 0.5 | J21: =E21-F21-G21-H21-I21 -> 2.56
A22: 27-04-2026 | B22: 29.93 | C22: 23.368 | E22: =sum(B22:D22) -> 53.298 | F22: 40.47 | G22: 13.3 | H22: 0.5 | I22: 0.5 | J22: =E22-F22-G22-H22-I22 -> -1.472
A23: 28-04-2026 | B23: 25.39 | C23: 24.93 | E23: =sum(B23:D23) -> 50.32 | F23: 40.97 | G23: 8.3 | H23: 0.5 | I23: 0.5 | J23: =E23-F23-G23-H23-I23 -> 0.05
A24: 29-04-2026 | B24: 28.95 | C24: 25.39 | E24: =sum(B24:D24) -> 54.34 | F24: 6 | G24: 11.9 | H24: 0.5 | I24: 0.5 | J24: =E24-F24-G24-H24-I24 -> 35.44
A25: 30-04-2026 | B25: 26.73 | C25: 28.38 | E25: =sum(B25:D25) -> 55.11 | F25: 44.47 | G25: 7.7 | H25: 0.5 | I25: 0.5 | J25: =E25-F25-G25-H25-I25 -> 1.94
A26: 46027 | B26: 27.09 | C26: 25.85 | E26: =sum(B26:D26) -> 52.94 | F26: 37.47 | G26: 9.7 | H26: 0.5 | I26: 0.5 | J26: =E26-F26-G26-H26-I26 -> 4.77
A27: 46058 | B27: 24.45 | C27: 25.277 | E27: =sum(B27:D27) -> 49.727 | F27: 38.72 | G27: 11 | H27: 0.5 | I27: 0.5 | J27: =E27-F27-G27-H27-I27 -> -0.993
A28: 46086 | B28: 27.445 | C28: 25.277 | E28: =sum(B28:D28) -> 52.722 | F28: 34.72 | G28: 17.2 | H28: 0.5 | I28: 0.5 | J28: =E28-F28-G28-H28-I28 -> -0.198
A29: 46117 | B29: 26.83 | C29: 25.46 | E29: =sum(B29:D29) -> 52.29 | F29: 38.48 | G29: 11 | H29: 0.5 | I29: 0.5 | J29: =E29-F29-G29-H29-I29 -> 1.81
A30: 46147 | B30: 26.68 | C30: 25.35 | E30: =sum(B30:D30) -> 52.03 | F30: 32.48 | G30: 15 | H30: 0.5 | I30: 0.5 | J30: =E30-F30-G30-H30-I30 -> 3.55
A31: 46178 | B31: 25.77 | C31: 25.21 | E31: =sum(B31:D31) -> 50.98 | F31: 36.22 | G31: 11 | H31: 0.5 | I31: 0.5 | J31: =E31-F31-G31-H31-I31 -> 2.76
A32: 46208 | B32: 24.92 | C32: 23.08 | E32: =sum(B32:D32) -> 48 | F32: 35.47 | G32: 11.6 | H32: 0.5 | I32: 0.5 | J32: =E32-F32-G32-H32-I32 -> -0.07
A33: 46239 | B33: 26.845 | C33: 23.58 | E33: =sum(B33:D33) -> 50.425 | F33: 35.97 | G33: 14 | H33: 0.5 | I33: 0.5 | J33: =E33-F33-G33-H33-I33 -> -0.545
A34: 46270 | B34: 24 | C34: 21.7 | E34: =sum(B34:D34) -> 45.7 | F34: 33.22 | G34: 14.4 | H34: 0.5 | I34: 0.5 | J34: =E34-F34-G34-H34-I34 -> -2.92
A35: 46300 | B35: 27.5 | C35: 27.03 | E35: =sum(B35:D35) -> 54.53 | F35: 32.72 | G35: 13.7 | H35: 0.5 | I35: 0.5 | J35: =E35-F35-G35-H35-I35 -> 7.11
A36: 46331 | B36: 26.34 | C36: 25.65 | E36: =sum(B36:D36) -> 51.99 | F36: 33.72 | G36: 15 | H36: 0.5 | I36: 0.5 | J36: =E36-F36-G36-H36-I36 -> 2.27
A37: 46361 | B37: 26.41 | C37: 24.93 | E37: =sum(B37:D37) -> 51.34 | F37: 33.72 | G37: 17 | H37: 0.5 | I37: 0.5 | J37: =E37-F37-G37-H37-I37 -> -0.38
A38: 13-05-2026 | B38: 26.01 | C38: 23.78 | E38: =sum(B38:D38) -> 49.79 | F38: 35.22 | G38: 13.62 | H38: 0.5 | I38: 0.5 | J38: =E38-F38-G38-H38-I38 -> -0.05
A39: 14-05-2026 | B39: 28.66 | C39: 23.57 | E39: =sum(B39:D39) -> 52.23 | F39: 37.72 | G39: 13 | H39: 0.5 | I39: 0.5 | J39: =E39-F39-G39-H39-I39 -> 0.51
A40: 15-05-2026 | E40: =sum(B40:D40) -> 0 | F40: 34.72 | G40: 13.9 | J40: =E40-F40-G40-H40-I40 -> -48.62
A41: 16-05-2027
A42: 17-05-2027
A43: 18-05-2028
A44: 19-05-2028
A45: 20-05-2029
A46: 21-05-2029
A47: 22-05-2030
A48: 23-05-2030
A49: 24-05-2031
A50: 25-05-2031
A51: 26-05-2032
A52: 27-05-2032
... A57: 14-05-2035

Sheet Ghee Inventory
A1: Date | B1: Opening Balance | C1: Particular | D1: Total | E1: 1 kg | F1: 500g | G1: 250g | H1: 100g
B2: Farm office Stock | C2: Bottle no. | D2: =sum(E2:H2) -> 91 | E2: 4 | F2: 21 | G2: 11 | H2: 55
A3: 46084 | C3: Ghee kg | D3: =sum(E3:H3) -> 22.75 | E3: 4 | F3: =F2/2 -> 10.5 | G3: =G2/4 -> 2.75 | H3: =H2/10 -> 5.5
A4: 46268 | B4: addition- | C4: Bottle no. | D4: =E4+F4+G4+H4 -> 21 | E4: 1 | F4: 8 | G4: 4 | H4: 8
C5: Ghee kg | D5: =E5+F5+G5+H5 -> 6.8 | E5: 1 | F5: 4 | G5: 1 | H5: 0.8
A20: Stock As on | C20: Bottle | D20: =D2+D4 -> 112 | E20: =E2 -> 4 | F20: =F2 -> 21 | G20: =G2 -> 11 | H20: =H2 -> 55
A21: =TODAY() -> 46188 | C21: Ghee kg | D21: =D3 -> 22.75 | E21: =E3 -> 4 | F21: =F3 -> 10.5 | G21: =G3 -> 2.75 | H21: =H3 -> 5.5

Sheet Ghee Inventory (Akshya Farm)
G1: Bottles
B2: Date | D2: Opening Stock(kg) | E2: New Ghee Produced(kg) | F2: Total Available kg | G2: 1 kg | H2: 500g | I2: 250g | J2: 100g | K2: total used (kg) | L2: remaining to fill | M2: sales trf | N2: Trnasfer for Shop | O2: Closing Bal | P2: Remark
A3: opening | B3: 46084 | D3: 22.75 | E3: 0 | F3: =D3+E3 -> 22.75 | G3: 4 | H3: 21 | I3: 11 | J3: 55 | K3: =G3*1+H3*0.5+I3*0.25+J3*0.1 -> 22.75 | M3: 0 | O3: =K3-M3 -> 22.75
B4: 46268 | D4: 22.75 | E4: 2.5 | F4: =D4+E4 -> 25.25 | G4: 0 | H4: 3 | I4: 4 | J4: 0 | K4: =G4*1+H4*0.5+I4*0.25+J4*0.1 -> 2.5 | M4: 0 | O4: =O3+K4-M4 -> 25.25
B5: 46298 | D5: 25.25 | E5: 1 | F5: =D5+E5 -> 26.25 | G5: 0 | H5: 2 | I5: 0 | J5: 0 | K5: =G5*1+H5*0.5+I5*0.25+J5*0.1 -> 1 | M5: 0 | O5: =O4+K5-M5-N5 -> 26.25
A6: sale | B6: 46329 | D6: 26.25 | E6: 0 | F6: =D6+E6 -> 26.25 | G6: 0 | H6: 0 | I6: 0 | J6: -2 | K6: 0.2 | M6: 0.2 | O6: 26.05
B7: 46329 | D7: 26.05 | E7: 0.5 | F7: =D7+E7 -> 26.55 | G7: 0 | H7: 0 | I7: 2 | J7: 0 | K7: 0.5 | M7: 0 | O7: 26.55
B8: 13-03-2026 | D8: 26.55 | E8: 1 | F8: =D8+E8 -> 27.55 | G8: 0 | H8: 2 | I8: 0 | J8: 0 | K8: 1 | M8: 0 | O8: =O7+K8-M8 -> 27.55
A9: sale | B9: 16-03-2026 | D9: 27.55 | E9: 0 | F9: 27.55 | G9: 0 | H9: -2 | I9: -1 | J9: 0 | K9: 1.25 | M9: 1.25 | O9: =O8-M9 -> 26.3
B10: 16-03-2026 | D10: 26.3 | E10: 0.75 | F10: 27.05 | G10: 0 | H10: 1 | I10: 1 | J10: 0 | K10: 0.75 | M10: 0 | O10: 27.05
A12: stock as on | B12: 17-03-2026 | D12: 27.05 | E12: 0 | F12: 27.05 | G12: 4 | H12: 27 | I12: 17 | J12: 53 | K12: 27.05 | L12: 0 | M12: 0 | N12: 0 | O12: 27.05
A13: add=return fron knk | D13: 27.05 | E13: 0 | F13: 27.05 | G13: 1 | H13: 6 | I13: 3 | J13: 12 | K13: 5.95 | L13: 0 | M13: 0 | N13: 0 | O13: 33
A14: stock as on | B14: 17-03-2026 | D14: 33 | E14: 0 | F14: 33 | G14: 5 | H14: 33 | I14: 20 | J14: 65 | K14: 33 | L14: 0 | M14: 0 | N14: 0 | O14: 33
B15: 18-03-2026 | D15: 33 | E15: 1 | F15: 34 | G15: 0 | H15: 2 | I15: 0 | J15: 0 | K15: 1 | L15: 0 | M15: 0 | N15: 0 | O15: 34
A16: less-trf to shop surendra | B16: 19-03-2026 | D16: 34 | E16: 0 | F16: 34 | G16: 0 | H16: 0 | I16: -2 | J16: -8 | K16: 1.3 | M16: 0 | N16: 1.3 | O16: 32.7
A17: stock as on | B17: 20-03-2026 | D17: 32.7 | E17: 0 | F17: 32.7 | G17: 5 | H17: 35 | I17: 18 | J17: 57 | K17: 32.7 | M17: 0 | N17: 0 | O17: 32.7
B18: 20-03-2026 | D18: 32.7 | E18: 0.75 | F18: 33.45 | G18: 0 | H18: 1 | I18: 0 | J18: 0 | K18: 0.5 | L18: 0.25 | M18: 0 | N18: 0 | O18: 33.45
B19: 21-03-2026 | D19: 33.45 | E19: 0.9 | F19: 34.35 | G19: 0 | H19: 1 | I19: 0 | J19: 0 | K19: 0.5 | L19: 0.4 | M19: 0 | N19: 0 | O19: 34.35
A20: stock as on | B20: 23-03-2026 | D20: 34.35 | E20: 0 | F20: 34.35 | G20: 5 | H20: 37 | I20: 18 | J20: 57 | K20: 33.7 | L20: 0.65 | M20: 0 | N20: 0 | O20: 34.35
A21: less- trf for sample | B21: 23-03-2026 | D21: 34.35 | E21: 0 | F21: 34.35 | H21: -1 | I21: 0 | J21: 0 | K21: -0.5 | L21: -0.1 | M21: -0.6 | N21: 0 | O21: 33.75
A22: less -trf to shop-santosh | B22: 23-03-2026 | D22: 33.75 | E22: 0 | F22: 33.75 | G22: -2 | H22: -5 | I22: -4 | J22: -11 | K22: -6.6 | L22: 0 | M22: 0 | N22: 6.6 | O22: 27.15
A23: stock as on | B23: 24-03-2026 | D23: 27.15 | E23: 0 | F23: 27.15 | G23: 3 | H23: 31 | I23: 14 | J23: 46 | K23: 26.6 | L23: 0.55 | M23: 0 | N23: 0 | O23: 27.15
B24: 24-03-2026 | D24: 27.15 | E24: 0.75 | F24: 27.9 | G24: 0 | H24: 0 | I24: 3 | J24: 0 | K24: 0.75 | M24: 0 | N24: 0 | O24: 27.9
A25: add-return from sale santosh | B25: 24-03-2026 | D25: 27.9 | E25: 0 | F25: 27.9 | G25: 1 | H25: 4 | I25: 3 | J25: 8 | K25: 4.55 | L25: 0 | M25: 0 | N25: 0 | O25: 32.45
A26: stock as on | B26: 26-03-2026 | D26: 32.45 | E26: 0 | F26: 32.45 | G26: 4 | H26: 35 | I26: 20 | J26: 54 | K26: 31.9 | L26: 0.55 | M26: 0 | N26: 0 | O26: 32.45
B27: 26-03-2026 | D27: 32.45 | E27: 0.5 | F27: 32.95 | G27: 0 | H27: 0 | I27: 2 | J27: 0 | K27: 0.5 | L27: 0 | M27: 0 | N27: 0 | O27: 32.95
A28: add-return from sale surendra | B28: 26-03-2026 | D28: 32.95 | E28: 0 | F28: 32.95 | G28: 0 | H28: 0 | I28: 1 | J28: 3 | K28: 0.55 | L28: 0 | M28: 0 | N28: 0 | O28: 33.5
B29: 27-03-2026 | D29: 33.5 | E29: 0.5 | F29: 34 | G29: 0 | H29: 1 | I29: 0 | J29: 0 | K29: 0.5 | L29: 0 | M29: 0 | N29: 0 | O29: 34
B30: 28-03-2026 | D30: 34 | E30: 0.5 | F30: 34.5 | G30: 0 | H30: 1 | I30: 0 | J30: 0 | K30: 0.5 | L30: 0 | M30: 0 | N30: 0 | O30: 34.5
A31: stock as on | B31: 30-03-2026 | D31: 34.5 | E31: 0 | F31: 34.5 | G31: 4 | H31: 37 | I31: 23 | J31: 57 | K31: 33.95 | L31: 0.55 | M31: 0 | N31: 0 | O31: 34.5
B32: 30-03-2026 | D32: 34.5 | E32: 0.5 | F32: 35 | G32: 0 | H32: 1 | I32: 0 | J32: 0 | K32: 0.5 | L32: 0 | M32: 0 | N32: 0 | O32: 35
A33: less- trf for sample | B33: 46026 | D33: 35 | E33: 0 | F33: 35 | G33: 0 | H33: 0 | I33: 0 | J33: -1 | K33: 0.1 | L33: 0 | M33: 0 | N33: 0.1 | O33: 34.9
B34: 46026 | D34: 34.9 | E34: 0.5 | F34: 35.4 | G34: 0 | H34: 0 | I34: 2 | J34: 0 | K34: 0.5 | L34: 0 | M34: 0 | N34: 0 | O34: 35.4
A35: stock as on | B35: 46057 | D35: 35.4 | E35: 0 | F35: 35.4 | G35: 4 | H35: 38 | I35: 25 | J35: 56 | K35: 34.85 | L35: 0.55 | M35: 0 | N35: 0 | O35: 35.4
B36: 46116 | D36: 35.4 | E36: 0.5 | F36: 35.9 | G36: 0 | H36: 0 | I36: 2 | J36: 0 | K36: 0.5 | L36: 0 | M36: 0 | N36: 0 | O36: 35.9
B37: 46146 | D37: 35.9 | E37: 0.8 | F37: 36.7 | G37: 0 | H37: 0 | I37: 0 | J37: 0 | K37: 0 | L37: 0.8 | M37: 0 | N37: 0 | O37: 36.7
A38: less- trf for sample | B38: 46146 | D38: 36.7 | E38: 0 | F38: 36.7 | G38: 0 | H38: 0 | I38: 0 | J38: 0 | K38: 0 | L38: -0.8 | M38: 0 | N38: 0.8 | O38: 35.9
A39: stock as on | B39: 46177 | D39: 35.9 | E39: 0 | F39: 35.9 | G39: 4 | H39: 38 | I39: 27 | J39: 56 | K39: 35.35 | L39: 0.55 | M39: 0 | N39: 0 | O39: 35.9
B40: 46207 | D40: 35.9 | E40: 0.2 | F40: 36.1 | G40: 0 | H40: 0 | I40: 0 | J40: 0 | K40: 0 | L40: 0.2 | M40: 0 | N40: 0 | O40: 36.1
A41: less-sale mahesh rane | B41: 46207 | D41: 36.1 | E41: 0 | F41: 36.1 | G41: 0 | H41: -2 | I41: 0 | J41: -1 | K41: 1.1 | L41: -0.073 | M41: -1 | N41: 0 | O41: 34.927
A42: Stock as on | B42: 46238 | D42: 34.927 | E42: 0 | F42: 34.927 | G42: 4 | H42: 36 | I42: 27 | J42: 55 | K42: 34.25 | L42: 0.677 | M42: 0 | N42: 0 | O42: 34.927
B43: 46269 | D43: 34.927 | E43: 0.25 | F43: 35.177 | G43: 0 | H43: 0 | I43: 1 | J43: 0 | K43: 0.25 | L43: 0 | M43: 0 | N43: 0 | O43: 35.177
B44: 46299 | D44: 35.177 | E44: 0.265 | F44: 35.442 | G44: 0 | H44: 0 | I44: 1 | J44: 0 | K44: 0.25 | L44: 0.015 | M44: 0 | N44: 0 | O44: 35.442
A45: less-sale sujata | B45: 46330 | D45: 35.442 | E45: 0 | F45: 35.442 | G45: 0 | H45: 0 | I45: 0 | J45: -4 | K45: 0.4 | L45: 0 | M45: -0.4 | N45: 0 | O45: 35.042
A46: stock as on | B46: 13-04-2026 | D46: 35.042 | E46: 0 | F46: 35.042 | G46: 4 | H46: 36 | I46: 29 | J46: 51 | K46: 34.35 | L46: 0.692 | M46: 0 | N46: 0 | O46: 35.042
B47: 14-04-2026 | D47: 35.042 | E47: 0.392 | F47: 35.434 | G47: 0 | H47: 0 | I47: 1 | J47: 0 | K47: 0.25 | L47: 0.142 | M47: 0 | N47: 0 | O47: 35.434
B48: 16-04-2026 | D48: 35.434 | E48: 0.365 | F48: 35.799 | G48: 0 | H48: 0 | I48: 1 | J48: 0 | K48: 0.25 | L48: 0.115 | M48: 0 | N48: 0 | O48: 35.799
B49: 18-04-2026 | D49: 35.799 | E49: 0.6 | F49: 36.399 | G49: 0 | H49: 1 | I49: 0 | J49: 0 | K49: 0.5 | L49: 0.1 | M49: 0 | N49: 0 | O49: 36.399
A50: less-trf to shop(vishal rane) | B50: 20-04-2026 | D50: 36.399 | E50: 0 | F50: 36.399 | G50: 0 | H50: -6 | I50: -5 | J50: 0 | K50: 4.25 | L50: 0 | M50: 0 | N50: -4.25 | O50: 32.149
A51: stock as on | B51: 20-04-2026 | D51: 32.149 | E51: 0 | F51: 32.149 | G51: 4 | H51: 31 | I51: 26 | J51: 51 | K51: 31.1 | L51: 1.049 | M51: 0 | N51: 0 | O51: 32.149
B52: 21-04-2026 | D52: 32.149 | E52: 0.45 | F52: 32.599 | G52: 0 | H52: 1 | I52: 0 | J52: 0 | K52: 0.5 | L52: -0.05 | M52: 0 | N52: 0 | O52: 32.549
B53: 22-04-2026 | D53: 32.549 | E53: 0.445 | F53: 32.994 | G53: 0 | H53: 1 | I53: 0 | J53: 0 | K53: 0.5 | L53: -0.055 | M53: 0 | N53: 0 | O53: 32.939
B54: 24-04-2024 | D54: 32.939 | E54: 0.445 | F54: 33.384 | G54: 0 | H54: 1 | I54: 0 | J54: 0 | K54: 0.5 | L54: -0.055 | M54: 0 | N54: 0 | O54: 33.329
A55: less-sale (santosh more) | B55: 25-04-2024 | D55: 33.329 | E55: 0 | F55: 33.329 | G55: 0 | H55: -1 | I55: 0 | J55: 0 | K55: 0.5 | L55: 0 | M55: -0.5 | N55: 0 | O55: 32.829
A56: stock as on | B56: 25-04-2026 | D56: 32.989 | E56: 0 | F56: 32.989 | G56: 4 | H56: 33 | I56: 26 | J56: 51 | K56: 32.1 | L56: 0.889 | M56: 0 | N56: 0 | O56: 32.989
B57: 28-04-2026 | D57: 32.989 | E57: 0.545 | F57: 33.534 | G57: 0 | H57: 1 | I57: 0 | J57: 0 | K57: 0.5 | L57: 0.045 | M57: 0 | N57: 0 | O57: 33.534
B58: 30-04-2026 | D58: 33.534 | E58: 0.5 | F58: 34.034 | G58: 0 | H58: 1 | I58: 0 | J58: 0 | K58: 0.5 | L58: 0 | M58: 0 | N58: 0 | O58: 34.034
A59: less-trf to shop surendra | B59: 30-04-2026 | D59: 34.034 | E59: 0 | F59: 34.034 | G59: 0 | H59: -3 | I59: -4 | J59: -6 | K59: 3.1 | L59: 0 | M59: 0 | N59: -3.1 | O59: 30.934
A60: stock as on | B60: 30-04-2026 | D60: 30.934 | E60: 0 | F60: 30.934 | G60: 4 | H60: 32 | I60: 22 | J60: 45 | K60: 30 | L60: 0.934 | M60: 0 | N60: 0 | O60: 30.934
B61: 46027 | D61: =O60 -> 30.934 | E61: 0.5 | F61: 31.434 | G61: 0 | H61: 1 | I61: 0 | J61: 0 | K61: 0 | L61: 0 | M61: 0 | N61: 0 | O61: 31.434
B62: 46117 | D62: =O61 -> 31.434 | E62: 1 | F62: =D62+E62 -> 32.434 | G62: 0 | H62: 2 | I62: 0 | J62: 0 | K62: 1 | L62: 0 | M62: 0 | N62: 0 | O62: 32.434
A63: less-trf to sale (Shubham kdam) | B63: 46117 | D63: =O62 -> 32.434 | E63: 0 | F63: =D63+E63 -> 32.434 | G63: 0 | H63: 0 | I63: 0 | J63: -1 | K63: 0.1 | L63: 0 | M63: 0 | N63: 0 | O63: 32.244
A64: add-return from surendra shop | B64: 46117 | D64: =O63 -> 32.244 | E64: 0 | F64: =D64+E64 -> 32.244 | G64: 0 | H64: 2 | I64: 3 | J64: 3 | K64: 2.05 | L64: 0 | M64: 0 | N64: 0 | O64: 34.294
B65: 46208 | D65: =O64 -> 34.294 | E65: 0.5 | F65: =D65+E65 -> 34.794 | G65: 0 | H65: 1 | I65: 0 | J65: 0 | K65: 0.5 | L65: 0 | M65: 0 | N65: 0 | O65: 34.794
A66: less -trf to sale (vinit) | B66: 46270 | D66: =O65 -> 34.794 | E66: 0 | F66: =D66+E66 -> 34.794 | G66: 0 | H66: 1 | I66: 0 | J66: 0 | K66: 0.5 | L66: 0 | M66: 0.5 | N66: 0 | O66: 34.294
B67: 46331 | D67: =O66 -> 34.294 | E67: 0.75 | F67: =D67+E67 -> 35.044 | G67: 0 | H67: 1 | I67: 1 | J67: 0 | K67: 0.75 | L67: 0 | M67: 0 | N67: 0 | O67: 35.044
A68: less -trf to sale (gururaj) | B68: 13-05-2026 | D68: =O67 -> 35.044 | E68: 0 | F68: =D68+E68 -> 35.044 | G68: 0 | H68: 1 | I68: 0 | J68: 0 | K68: 0.5 | L68: 0 | M68: 0.5 | N68: 0 | O68: 34.544
A69: less -trf to sale (sheetal swant) | B69: 13-05-2026 | D69: =O68 -> 34.544 | E69: 0 | F69: =D69+E69 -> 34.544 | G69: 0 | H69: 1 | I69: 0 | J69: 0 | K69: 0.5 | L69: 0 | M69: 0.5 | N69: 0 | O69: 34.044
A70: less-sale(ganesh gavkar) | B70: 46086 | D70: =O69 -> 34.044 | E70: 0 | F70: =D70+E70 -> 34.044 | G70: 0 | H70: 1 | I70: 0 | J70: 0 | K70: 0.5 | L70: 0 | M70: 0.5 | N70: 0 | O70: 33.544
A71: less-sale sudhir surve | B71: 13-05-2026 | D71: =O70 -> 33.544 | E71: 0 | F71: =D71+E71 -> 33.544 | G71: 0 | H71: 2 | I71: 0 | J71: 0 | K71: 1 | L71: 0 | M71: 1 | N71: 0 | O71: 32.544
B72: 46361 | D72: =O71 -> 32.544 | E72: 0.25 | F72: =D72+E72 -> 32.794 | G72: 0 | H72: 0 | I72: 1 | J72: 0 | K72: 0.25 | L72: 0 | M72: 0 | N72: 0 | O72: 32.794
B73: 13-05-2026 | D73: =O72 -> 32.794 | E73: 0.25 | F73: =D73+E73 -> 33.044 | G73: 0 | H73: 0 | I73: 1 | J73: 0 | K73: 0.25 | L73: 0 | M73: 0 | N73: 0 | O73: 33.044
A74: stock as on | B74: 15-05-2026 | D74: =O73 -> 33.044 | E74: 0 | F74: =D74+E74 -> 33.044 | G74: 4 | H74: 33 | I74: 28 | J74: 47 | K74: 32.2 | L74: 0.934 | M74: 0 | N74: 0 | O74: 33.044
A75: add- filled remaining unfilled bottle | B75: 15-05-2026 | D75: =O74 -> 33.044 | E75: 1.25 | F75: =D75+E75 -> 34.294 | G75: 0 | H75: 0 | I75: 5 | J75: 0 | K75: 1.25 | L75: 0 | O75: 34.294
A76: stock as on | B76: 15-05-2026 | D76: =O75 -> 34.294 | E76: 0 | F76: =D76+E76 -> 34.294 | G76: 4 | H76: 33 | I76: 33 | J76: 47 | K76: 33.45 | L76: 0.934 | M76: 0 | N76: 0 | O76: 34.294
A77: less-sale to prakash rane,dipali rane | B77: 15-05-2026 | D77: =O76 -> 34.294 | E77: 0 | F77: =D77+E77 -> 34.294 | G77: 0 | H77: -2 | I77: -2 | J77: 0 | K77: -1.5 | L77: 0 | M77: -1.5 | N77: 0 | O77: 31.794
A78: less-sale to vedika | B78: 16-05-2026 | D78: =O77 -> 31.794 | E78: 0 | F78: =D78+E78 -> 31.794 | G78: 0 | H78: 0 | I78: -1 | J78: 0 | K78: -0.25 | L78: 0 | M78: -0.25 | N78: 0 | O78: 31.544
A79: stock as on | B79: 16-05-2026 | D79: =O78 -> 31.544 | E79: 0 | F79: =D79+E79 -> 31.544 | G79: 4 | H79: 31 | I79: 30 | J79: 47 | K79: 31.7 | L79: 0.934 | M79: 0 | N79: 0 | O79: 32.634
B80: 16-05-2026 | D80: =O79 -> 32.634 | E80: 0.5 | F80: =D80+E80 -> 33.134 | G80: 0 | H80: 0 | I80: 2 | J80: 0 | K80: 0.5 | L80: 0 | M80: 0 | N80: 0 | O80: 33.134
A81: stock as on | B81: 18-05-2026 | D81: =O80 -> 33.134 | E81: 0 | F81: =D81+E81 -> 33.134 | G81: 4 | H81: 31 | I81: 32 | J81: 47 | K81: 32.2 | L81: 0.934 | M81: 0 | N81: 0 | O81: 33.134
B82: 18-05-2026 | D82: =O81 -> 33.134 | E82: 0.5 | F82: =D82+E82 -> 33.634 | G82: 0 | H82: 1 | I82: 0 | J82: 0 | K82: 0.5 | L82: 0 | M82: 0 | N82: 0 | O82: 32.634
A83: stock as on | B83: 22-05-2026 | D83: 33.634 | E83: 0 | F83: =D83+E83 -> 33.634 | G83: 4 | H83: 32 | I83: 32 | J83: 47 | K83: 32.7 | L83: 0.934 | M83: 0 | N83: 0 | O83: 33.634
B84: 22-05-2026 | D84: =O83 -> 33.634 | E84: 0.5 | F84: =D84+E84 -> 34.134 | G84: 0 | H84: 0 | I84: 2 | J84: 0 | K84: 0.5 | L84: 0 | M84: 0 | N84: 0 | O84: 34.134
B85: 22-05-2026 | D85: =O84 -> 34.134 | E85: 0 | F85: =D85+E85 -> 34.134 | G85: 4 | H85: 32 | I85: 34 | J85: 47 | K85: 33.2 | L85: 0.934 | M85: 0 | N85: 0 | O85: 34.134
A86: less-sale sudhir raorane | B86: 22-05-2026 | D86: =O85 -> 34.134 | E86: 0 | F86: =D86+E86 -> 34.134 | G86: 0 | H86: 0 | I86: -1 | J86: 0 | K86: 0.25 | L86: 0 | M86: 0.25 | N86: 0 | O86: 33.884
A87: less-sale to satyajit | B87: 46058 | D87: =O86 -> 33.884 | E87: 0 | F87: =D87+E87 -> 33.884 | G87: 0 | H87: 0 | I87: 0 | J87: -2 | K87: 0.2 | L87: 0 | M87: 0.2 | N87: 0 | O87: 33.684
A88: less-sale to sindhu sawant | B88: 23-05-2026 | D88: =O87 -> 33.684 | E88: 0 | F88: =D88+E88 -> 33.684 | G88: 0 | H88: -1 | I88: 0 | J88: 0 | K88: 0.5 | L88: 0 | M88: 0.5 | N88: 0 | O88: 33.184
A89: stock as on | B89: 24-05-2026 | D89: =O88 -> 33.184 | E89: 0 | F89: =D89+E89 -> 33.184 | G89: 4 | H89: 31 | I89: 33 | J89: 45 | K89: 32.25 | L89: 0.934 | M89: 0 | N89: 0 | O89: 33.184
A90: sale-abhijit sawant | B90: 24-05-2026 | D90: =O89 -> 33.184 | E90: 0 | F90: =D90+E90 -> 33.184 | G90: 0 | H90: -1 | I90: -1 | J90: 0 | K90: 0.75 | L90: 0 | M90: 0.75 | N90: 0 | O90: 32.434
A91: add-produced then used for vishal sir | B91: 27-05-2026 | D91: =O90 -> 32.434 | E91: 0.3 | F91: =D91+E91 -> 32.734 | G91: 0 | H91: 0 | I91: 0 | J91: 0 | K91: 0 | L91: 0.3 | O91: 32.434
A92: add-produced | B92: 27-05-2026 | D92: =O91 -> 32.434 | E92: 0.5 | F92: =D92+E92 -> 32.934 | G92: 0 | H92: 0 | I92: 2 | J92: 0 | K92: 0.5 | L92: 0 | M92: 0 | N92: 0 | O92: 32.934
A93: stock as on | B93: 27-05-2026 | D93: =O92 -> 32.934 | E93: 0 | F93: =D93+E93 -> 32.934 | G93: 4 | H93: 30 | I93: 34 | J93: 45 | K93: 32 | L93: 0.934 | M93: 0 | N93: 0 | O93: 32.934
A94: sale-Abhijit sawant | B94: 29-05-2026 | D94: =O93 -> 32.934 | E94: 0 | F94: =D94+E94 -> 32.934 | G94: 0 | H94: 0 | I94: -2 | J94: 0 | K94: 0.5 | L94: 0 | M94: 0.5 | N94: 0 | O94: 32.434
A95: sale-swapna rane | B95: 30-05-2026 | D95: =O94 -> 32.434 | E95: 0 | F95: =D95+E95 -> 32.434 | G95: 0 | H95: 0 | I95: -2 | J95: 0 | K95: 0.5 | L95: 0 | M95: 0.5 | N95: 0 | O95: 31.934
A96: sale-abhay pednekar | B96: 31-05-2026 | D96: =O95 -> 31.934 | E96: 0 | F96: =D96+E96 -> 31.934 | G96: 0 | H96: -1 | I96: 0 | J96: 0 | K96: 0.5 | L96: 0 | M96: 0.5 | N96: 0 | O96: 31.434
A97: sale-archana tawde | B97: 31-05-2026 | D97: =O96 -> 31.434 | E97: 0 | F97: =D97+E97 -> 31.434 | G97: 0 | H97: 0 | I97: 0 | J97: -1 | K97: 0.1 | L97: 0 | M97: 0.1 | N97: 0 | O97: 31.334
A98: stock as on | B98: 31-05-2026 | D98: =O97 -> 31.334 | E98: 0 | F98: =D98+E98 -> 31.334 | G98: 4 | H98: 29 | I98: 30 | J98: 44 | K98: 30.4 | L98: 0.934 | M98: 0 | N98: 0 | O98: 31.334
A99: add-produced | B99: 31-05-2026 | D99: =O98 -> 31.334 | E99: 0.25 | F99: =D99+E99 -> 31.584 | G99: 0 | H99: 0 | I99: 1 | J99: 0 | K99: 0.25 | L99: 0 | M99: 0 | N99: 0 | O99: 31.584
B100: 31-05-2026 | D100: =O99 -> 31.584 | E100: 0.5 | F100: =D100+E100 -> 32.084 | G100: 0 | H100: 1 | I100: 0 | J100: 0 | K100: 0.5 | L100: 0 | M100: 0 | N100: 0 | O100: 32.084
A101: sale to vijay | B101: 46028 | D101: =O100 -> 32.084 | E101: 0 | F101: 32.084 | G101: 0 | H101: 0 | I101: -1 | J101: 0 | K101: 0.25 | L101: 0 | M101: 0.25 | N101: 0 | O101: 31.834
...

Sheet Naral Inventory
A1: coconut inventory
B2: Date | C2: stk | D2: newly added | E2: total | F2: small | G2: Medium | H2: large | I2: total | J2: sale | K2: closing stock
A3: stock as on | B3: 25-05-2026 | C3: 13 | D3: 0 | E3: 13 | F3: 0 | G3: 0 | H3: 13 | I3: 13 | J3: 0 | K3: 13
A4: sale to vilas | B4: 26-05-2026 | C4: 13 | D4: 0 | E4: 13 | F4: 0 | G4: 0 | H4: -1 | I4: 12 | J4: 1 | K4: 12
A5: sale to mahesh satam | B5: 29-05-2026 | C5: 12 | D5: 0 | E5: 12 | F5: 0 | G5: 0 | H5: -7 | I5: 5 | J5: 0 | K5: 5
A6: used for sheechand | B6: 30-05-2026 | C6: 5 | D6: 0 | E6: 5 | F6: 0 | G6: 0 | H6: -2 | I6: 2 | J6: 0 | K6: 3
A7: used | B7: 30-05-2026 | C7: 3 | D7: 0 | E7: 3 | F7: 0 | G7: 0 | H7: -3 | I7: 3 | J7: 0 | K7: 0
A8: stock as on | B8: 46028 | C8: 0 | D8: 96 | E8: 96 | F8: 13 | G8: 50 | H8: 33 | I8: 96 | J8: 0 | K8: 96
B9: 46240 | C9: 96 | D9: 27 | E9: 123 | F9: 4 | G9: 23 | H9: 0 | I9: 27 | J9: 0 | K9: 123

Sheet Sheet13
C1: delivered | F1: total | G1: return | J1: total
A2: date | B2: period | C2: 1 | D2: 0.5 | E2: 0.25 | G2: 1 | H2: 0.5 | I2: 0.25
A3: 46269 | B3: morning | C3: 5 | D3: 2 | E3: 1 | F3: 8
